trace_id,concept_id,concept_type,tactic,tactic_known,technique_id,technique_name,value,known_mask,evidence_source,evidence_scope
012983862e1a43acc3b2c204604eff4bad832ff2a7bdc74efa982804c470570d,T1003,attack_technique,,0,T1003,"Tries to harvest and steal browser information (history, passwords, etc)",1,1,virustotal_behavior,canonical_trace
012983862e1a43acc3b2c204604eff4bad832ff2a7bdc74efa982804c470570d,T1005,attack_technique,,0,T1005,"Tries to harvest and steal browser information (history, passwords, etc)",1,1,virustotal_behavior,canonical_trace
012983862e1a43acc3b2c204604eff4bad832ff2a7bdc74efa982804c470570d,T1010,attack_technique,,0,T1010,"Sample monitors Window changes (e.g. starting applications), analyze the sample with the simulation cookbook",1,1,virustotal_behavior,canonical_trace
012983862e1a43acc3b2c204604eff4bad832ff2a7bdc74efa982804c470570d,T1016,attack_technique,,0,T1016,Checks the online ip address of the machine,1,1,virustotal_behavior,canonical_trace
012983862e1a43acc3b2c204604eff4bad832ff2a7bdc74efa982804c470570d,T1018,attack_technique,,0,T1018,Reads the hosts file,1,1,virustotal_behavior,canonical_trace
012983862e1a43acc3b2c204604eff4bad832ff2a7bdc74efa982804c470570d,T1027,attack_technique,,0,T1027,Binary may include packed or crypted data,1,1,virustotal_behavior,canonical_trace
012983862e1a43acc3b2c204604eff4bad832ff2a7bdc74efa982804c470570d,T1027.002,attack_technique,,0,T1027.002,.NET source code contains potential unpacker,1,1,virustotal_behavior,canonical_trace
012983862e1a43acc3b2c204604eff4bad832ff2a7bdc74efa982804c470570d,T1036,attack_technique,,0,T1036,Creates files inside the user directory,1,1,virustotal_behavior,canonical_trace
012983862e1a43acc3b2c204604eff4bad832ff2a7bdc74efa982804c470570d,T1047,attack_technique,,0,T1047,,,0,,
012983862e1a43acc3b2c204604eff4bad832ff2a7bdc74efa982804c470570d,T1053,attack_technique,,0,T1053,,,0,,
012983862e1a43acc3b2c204604eff4bad832ff2a7bdc74efa982804c470570d,T1055,attack_technique,,0,T1055,,,0,,
012983862e1a43acc3b2c204604eff4bad832ff2a7bdc74efa982804c470570d,T1056,attack_technique,,0,T1056,Creates a DirectInput object (often for capturing keystrokes),1,1,virustotal_behavior,canonical_trace
012983862e1a43acc3b2c204604eff4bad832ff2a7bdc74efa982804c470570d,T1057,attack_technique,,0,T1057,Queries a list of all running processes,1,1,virustotal_behavior,canonical_trace
012983862e1a43acc3b2c204604eff4bad832ff2a7bdc74efa982804c470570d,T1070.006,attack_technique,,0,T1070.006,,,0,,
012983862e1a43acc3b2c204604eff4bad832ff2a7bdc74efa982804c470570d,T1071,attack_technique,,0,T1071,Posts data to webserver,1,1,virustotal_behavior,canonical_trace
012983862e1a43acc3b2c204604eff4bad832ff2a7bdc74efa982804c470570d,T1082,attack_technique,,0,T1082,"Queries the volume information (name, serial number etc) of a device",1,1,virustotal_behavior,canonical_trace
012983862e1a43acc3b2c204604eff4bad832ff2a7bdc74efa982804c470570d,T1083,attack_technique,,0,T1083,,,0,,
012983862e1a43acc3b2c204604eff4bad832ff2a7bdc74efa982804c470570d,T1095,attack_technique,,0,T1095,Posts data to webserver,1,1,virustotal_behavior,canonical_trace
012983862e1a43acc3b2c204604eff4bad832ff2a7bdc74efa982804c470570d,T1102,attack_technique,,0,T1102,Connects to a pastebin service (like for C&C),1,1,virustotal_behavior,canonical_trace
012983862e1a43acc3b2c204604eff4bad832ff2a7bdc74efa982804c470570d,T1105,attack_technique,,0,T1105,Downloads files from webservers via HTTP,1,1,virustotal_behavior,canonical_trace
012983862e1a43acc3b2c204604eff4bad832ff2a7bdc74efa982804c470570d,T1114,attack_technique,,0,T1114,Tries to search for mail accounts,1,1,virustotal_behavior,canonical_trace
012983862e1a43acc3b2c204604eff4bad832ff2a7bdc74efa982804c470570d,T1497,attack_technique,,0,T1497,"Queries sensitive Operating System Information (via WMI, Win32_ComputerSystem, often done to detect virtual machines)",1,1,virustotal_behavior,canonical_trace
012983862e1a43acc3b2c204604eff4bad832ff2a7bdc74efa982804c470570d,T1497.001,attack_technique,,0,T1497.001,,,0,,
012983862e1a43acc3b2c204604eff4bad832ff2a7bdc74efa982804c470570d,T1518.001,attack_technique,,0,T1518.001,,,0,,
012983862e1a43acc3b2c204604eff4bad832ff2a7bdc74efa982804c470570d,T1552.002,attack_technique,,0,T1552.002,,,0,,
012983862e1a43acc3b2c204604eff4bad832ff2a7bdc74efa982804c470570d,T1562.001,attack_technique,,0,T1562.001,"Creates guard pages, often used to prevent reverse engineering and debugging",1,1,virustotal_behavior,canonical_trace
012983862e1a43acc3b2c204604eff4bad832ff2a7bdc74efa982804c470570d,T1571,attack_technique,,0,T1571,,,0,,
012983862e1a43acc3b2c204604eff4bad832ff2a7bdc74efa982804c470570d,T1573,attack_technique,,0,T1573,Uses HTTPS,1,1,virustotal_behavior,canonical_trace
012983862e1a43acc3b2c204604eff4bad832ff2a7bdc74efa982804c470570d,T1574.002,attack_technique,,0,T1574.002,,,0,,
0360061fee400673268c6cc46bd4f0a4c4c5c9294c883800c4b8ab3ae141e76e,T1003,attack_technique,,0,T1003,,,0,,
0360061fee400673268c6cc46bd4f0a4c4c5c9294c883800c4b8ab3ae141e76e,T1005,attack_technique,,0,T1005,,,0,,
0360061fee400673268c6cc46bd4f0a4c4c5c9294c883800c4b8ab3ae141e76e,T1010,attack_technique,,0,T1010,,,0,,
0360061fee400673268c6cc46bd4f0a4c4c5c9294c883800c4b8ab3ae141e76e,T1016,attack_technique,,0,T1016,,,0,,
0360061fee400673268c6cc46bd4f0a4c4c5c9294c883800c4b8ab3ae141e76e,T1018,attack_technique,,0,T1018,,,0,,
0360061fee400673268c6cc46bd4f0a4c4c5c9294c883800c4b8ab3ae141e76e,T1027,attack_technique,,0,T1027,,,0,,
0360061fee400673268c6cc46bd4f0a4c4c5c9294c883800c4b8ab3ae141e76e,T1027.002,attack_technique,,0,T1027.002,,,0,,
0360061fee400673268c6cc46bd4f0a4c4c5c9294c883800c4b8ab3ae141e76e,T1036,attack_technique,,0,T1036,,,0,,
0360061fee400673268c6cc46bd4f0a4c4c5c9294c883800c4b8ab3ae141e76e,T1047,attack_technique,,0,T1047,,,0,,
0360061fee400673268c6cc46bd4f0a4c4c5c9294c883800c4b8ab3ae141e76e,T1053,attack_technique,,0,T1053,,,0,,
0360061fee400673268c6cc46bd4f0a4c4c5c9294c883800c4b8ab3ae141e76e,T1055,attack_technique,,0,T1055,,,0,,
0360061fee400673268c6cc46bd4f0a4c4c5c9294c883800c4b8ab3ae141e76e,T1056,attack_technique,,0,T1056,,,0,,
0360061fee400673268c6cc46bd4f0a4c4c5c9294c883800c4b8ab3ae141e76e,T1057,attack_technique,,0,T1057,,,0,,
0360061fee400673268c6cc46bd4f0a4c4c5c9294c883800c4b8ab3ae141e76e,T1070.006,attack_technique,,0,T1070.006,,,0,,
0360061fee400673268c6cc46bd4f0a4c4c5c9294c883800c4b8ab3ae141e76e,T1071,attack_technique,,0,T1071,,,0,,
0360061fee400673268c6cc46bd4f0a4c4c5c9294c883800c4b8ab3ae141e76e,T1082,attack_technique,,0,T1082,,,0,,
0360061fee400673268c6cc46bd4f0a4c4c5c9294c883800c4b8ab3ae141e76e,T1083,attack_technique,,0,T1083,,,0,,
0360061fee400673268c6cc46bd4f0a4c4c5c9294c883800c4b8ab3ae141e76e,T1095,attack_technique,,0,T1095,,,0,,
0360061fee400673268c6cc46bd4f0a4c4c5c9294c883800c4b8ab3ae141e76e,T1102,attack_technique,,0,T1102,,,0,,
0360061fee400673268c6cc46bd4f0a4c4c5c9294c883800c4b8ab3ae141e76e,T1105,attack_technique,,0,T1105,,,0,,
0360061fee400673268c6cc46bd4f0a4c4c5c9294c883800c4b8ab3ae141e76e,T1114,attack_technique,,0,T1114,,,0,,
0360061fee400673268c6cc46bd4f0a4c4c5c9294c883800c4b8ab3ae141e76e,T1497,attack_technique,,0,T1497,,,0,,
0360061fee400673268c6cc46bd4f0a4c4c5c9294c883800c4b8ab3ae141e76e,T1497.001,attack_technique,,0,T1497.001,,,0,,
0360061fee400673268c6cc46bd4f0a4c4c5c9294c883800c4b8ab3ae141e76e,T1518.001,attack_technique,,0,T1518.001,,,0,,
0360061fee400673268c6cc46bd4f0a4c4c5c9294c883800c4b8ab3ae141e76e,T1552.002,attack_technique,,0,T1552.002,,,0,,
0360061fee400673268c6cc46bd4f0a4c4c5c9294c883800c4b8ab3ae141e76e,T1562.001,attack_technique,,0,T1562.001,,,0,,
0360061fee400673268c6cc46bd4f0a4c4c5c9294c883800c4b8ab3ae141e76e,T1571,attack_technique,,0,T1571,,,0,,
0360061fee400673268c6cc46bd4f0a4c4c5c9294c883800c4b8ab3ae141e76e,T1573,attack_technique,,0,T1573,,,0,,
0360061fee400673268c6cc46bd4f0a4c4c5c9294c883800c4b8ab3ae141e76e,T1574.002,attack_technique,,0,T1574.002,,,0,,
0c869c78204779d3edd3f7ceca09cf8c2d63a0e6d43210f19efb88fc3add7c44,T1003,attack_technique,,0,T1003,,,0,,
0c869c78204779d3edd3f7ceca09cf8c2d63a0e6d43210f19efb88fc3add7c44,T1005,attack_technique,,0,T1005,,,0,,
0c869c78204779d3edd3f7ceca09cf8c2d63a0e6d43210f19efb88fc3add7c44,T1010,attack_technique,,0,T1010,,,0,,
0c869c78204779d3edd3f7ceca09cf8c2d63a0e6d43210f19efb88fc3add7c44,T1016,attack_technique,,0,T1016,,,0,,
0c869c78204779d3edd3f7ceca09cf8c2d63a0e6d43210f19efb88fc3add7c44,T1018,attack_technique,,0,T1018,,,0,,
0c869c78204779d3edd3f7ceca09cf8c2d63a0e6d43210f19efb88fc3add7c44,T1027,attack_technique,,0,T1027,,,0,,
0c869c78204779d3edd3f7ceca09cf8c2d63a0e6d43210f19efb88fc3add7c44,T1027.002,attack_technique,,0,T1027.002,,,0,,
0c869c78204779d3edd3f7ceca09cf8c2d63a0e6d43210f19efb88fc3add7c44,T1036,attack_technique,,0,T1036,,,0,,
0c869c78204779d3edd3f7ceca09cf8c2d63a0e6d43210f19efb88fc3add7c44,T1047,attack_technique,,0,T1047,,,0,,
0c869c78204779d3edd3f7ceca09cf8c2d63a0e6d43210f19efb88fc3add7c44,T1053,attack_technique,,0,T1053,,,0,,
0c869c78204779d3edd3f7ceca09cf8c2d63a0e6d43210f19efb88fc3add7c44,T1055,attack_technique,,0,T1055,,,0,,
0c869c78204779d3edd3f7ceca09cf8c2d63a0e6d43210f19efb88fc3add7c44,T1056,attack_technique,,0,T1056,,,0,,
0c869c78204779d3edd3f7ceca09cf8c2d63a0e6d43210f19efb88fc3add7c44,T1057,attack_technique,,0,T1057,,,0,,
0c869c78204779d3edd3f7ceca09cf8c2d63a0e6d43210f19efb88fc3add7c44,T1070.006,attack_technique,,0,T1070.006,,,0,,
0c869c78204779d3edd3f7ceca09cf8c2d63a0e6d43210f19efb88fc3add7c44,T1071,attack_technique,,0,T1071,,,0,,
0c869c78204779d3edd3f7ceca09cf8c2d63a0e6d43210f19efb88fc3add7c44,T1082,attack_technique,,0,T1082,,,0,,
0c869c78204779d3edd3f7ceca09cf8c2d63a0e6d43210f19efb88fc3add7c44,T1083,attack_technique,,0,T1083,,,0,,
0c869c78204779d3edd3f7ceca09cf8c2d63a0e6d43210f19efb88fc3add7c44,T1095,attack_technique,,0,T1095,,,0,,
0c869c78204779d3edd3f7ceca09cf8c2d63a0e6d43210f19efb88fc3add7c44,T1102,attack_technique,,0,T1102,,,0,,
0c869c78204779d3edd3f7ceca09cf8c2d63a0e6d43210f19efb88fc3add7c44,T1105,attack_technique,,0,T1105,,,0,,
0c869c78204779d3edd3f7ceca09cf8c2d63a0e6d43210f19efb88fc3add7c44,T1114,attack_technique,,0,T1114,,,0,,
0c869c78204779d3edd3f7ceca09cf8c2d63a0e6d43210f19efb88fc3add7c44,T1497,attack_technique,,0,T1497,,,0,,
0c869c78204779d3edd3f7ceca09cf8c2d63a0e6d43210f19efb88fc3add7c44,T1497.001,attack_technique,,0,T1497.001,,,0,,
0c869c78204779d3edd3f7ceca09cf8c2d63a0e6d43210f19efb88fc3add7c44,T1518.001,attack_technique,,0,T1518.001,,,0,,
0c869c78204779d3edd3f7ceca09cf8c2d63a0e6d43210f19efb88fc3add7c44,T1552.002,attack_technique,,0,T1552.002,,,0,,
0c869c78204779d3edd3f7ceca09cf8c2d63a0e6d43210f19efb88fc3add7c44,T1562.001,attack_technique,,0,T1562.001,,,0,,
0c869c78204779d3edd3f7ceca09cf8c2d63a0e6d43210f19efb88fc3add7c44,T1571,attack_technique,,0,T1571,,,0,,
0c869c78204779d3edd3f7ceca09cf8c2d63a0e6d43210f19efb88fc3add7c44,T1573,attack_technique,,0,T1573,,,0,,
0c869c78204779d3edd3f7ceca09cf8c2d63a0e6d43210f19efb88fc3add7c44,T1574.002,attack_technique,,0,T1574.002,,,0,,
0eaaf638c4431321bf886cfc2619cb5a94e2c832111e3371d03b4abf4dfae754,T1003,attack_technique,,0,T1003,,,0,,
0eaaf638c4431321bf886cfc2619cb5a94e2c832111e3371d03b4abf4dfae754,T1005,attack_technique,,0,T1005,,,0,,
0eaaf638c4431321bf886cfc2619cb5a94e2c832111e3371d03b4abf4dfae754,T1010,attack_technique,,0,T1010,,,0,,
0eaaf638c4431321bf886cfc2619cb5a94e2c832111e3371d03b4abf4dfae754,T1016,attack_technique,,0,T1016,,,0,,
0eaaf638c4431321bf886cfc2619cb5a94e2c832111e3371d03b4abf4dfae754,T1018,attack_technique,,0,T1018,,,0,,
0eaaf638c4431321bf886cfc2619cb5a94e2c832111e3371d03b4abf4dfae754,T1027,attack_technique,,0,T1027,,,0,,
0eaaf638c4431321bf886cfc2619cb5a94e2c832111e3371d03b4abf4dfae754,T1027.002,attack_technique,,0,T1027.002,,,0,,
0eaaf638c4431321bf886cfc2619cb5a94e2c832111e3371d03b4abf4dfae754,T1036,attack_technique,,0,T1036,,,0,,
0eaaf638c4431321bf886cfc2619cb5a94e2c832111e3371d03b4abf4dfae754,T1047,attack_technique,,0,T1047,,,0,,
0eaaf638c4431321bf886cfc2619cb5a94e2c832111e3371d03b4abf4dfae754,T1053,attack_technique,,0,T1053,,,0,,
0eaaf638c4431321bf886cfc2619cb5a94e2c832111e3371d03b4abf4dfae754,T1055,attack_technique,,0,T1055,,,0,,
0eaaf638c4431321bf886cfc2619cb5a94e2c832111e3371d03b4abf4dfae754,T1056,attack_technique,,0,T1056,,,0,,
0eaaf638c4431321bf886cfc2619cb5a94e2c832111e3371d03b4abf4dfae754,T1057,attack_technique,,0,T1057,,,0,,
0eaaf638c4431321bf886cfc2619cb5a94e2c832111e3371d03b4abf4dfae754,T1070.006,attack_technique,,0,T1070.006,,,0,,
0eaaf638c4431321bf886cfc2619cb5a94e2c832111e3371d03b4abf4dfae754,T1071,attack_technique,,0,T1071,,,0,,
0eaaf638c4431321bf886cfc2619cb5a94e2c832111e3371d03b4abf4dfae754,T1082,attack_technique,,0,T1082,,,0,,
0eaaf638c4431321bf886cfc2619cb5a94e2c832111e3371d03b4abf4dfae754,T1083,attack_technique,,0,T1083,,,0,,
0eaaf638c4431321bf886cfc2619cb5a94e2c832111e3371d03b4abf4dfae754,T1095,attack_technique,,0,T1095,,,0,,
0eaaf638c4431321bf886cfc2619cb5a94e2c832111e3371d03b4abf4dfae754,T1102,attack_technique,,0,T1102,,,0,,
0eaaf638c4431321bf886cfc2619cb5a94e2c832111e3371d03b4abf4dfae754,T1105,attack_technique,,0,T1105,,,0,,
0eaaf638c4431321bf886cfc2619cb5a94e2c832111e3371d03b4abf4dfae754,T1114,attack_technique,,0,T1114,,,0,,
0eaaf638c4431321bf886cfc2619cb5a94e2c832111e3371d03b4abf4dfae754,T1497,attack_technique,,0,T1497,,,0,,
0eaaf638c4431321bf886cfc2619cb5a94e2c832111e3371d03b4abf4dfae754,T1497.001,attack_technique,,0,T1497.001,,,0,,
0eaaf638c4431321bf886cfc2619cb5a94e2c832111e3371d03b4abf4dfae754,T1518.001,attack_technique,,0,T1518.001,,,0,,
0eaaf638c4431321bf886cfc2619cb5a94e2c832111e3371d03b4abf4dfae754,T1552.002,attack_technique,,0,T1552.002,,,0,,
0eaaf638c4431321bf886cfc2619cb5a94e2c832111e3371d03b4abf4dfae754,T1562.001,attack_technique,,0,T1562.001,,,0,,
0eaaf638c4431321bf886cfc2619cb5a94e2c832111e3371d03b4abf4dfae754,T1571,attack_technique,,0,T1571,,,0,,
0eaaf638c4431321bf886cfc2619cb5a94e2c832111e3371d03b4abf4dfae754,T1573,attack_technique,,0,T1573,,,0,,
0eaaf638c4431321bf886cfc2619cb5a94e2c832111e3371d03b4abf4dfae754,T1574.002,attack_technique,,0,T1574.002,,,0,,
0f0f806647ef1ddfa417f9096878211f229841137a88169bf26260c7de908630,T1003,attack_technique,,0,T1003,,,0,,
0f0f806647ef1ddfa417f9096878211f229841137a88169bf26260c7de908630,T1005,attack_technique,,0,T1005,,,0,,
0f0f806647ef1ddfa417f9096878211f229841137a88169bf26260c7de908630,T1010,attack_technique,,0,T1010,,,0,,
0f0f806647ef1ddfa417f9096878211f229841137a88169bf26260c7de908630,T1016,attack_technique,,0,T1016,,,0,,
0f0f806647ef1ddfa417f9096878211f229841137a88169bf26260c7de908630,T1018,attack_technique,,0,T1018,,,0,,
0f0f806647ef1ddfa417f9096878211f229841137a88169bf26260c7de908630,T1027,attack_technique,,0,T1027,Binary may include packed or crypted data,1,1,virustotal_behavior,canonical_trace
0f0f806647ef1ddfa417f9096878211f229841137a88169bf26260c7de908630,T1027.002,attack_technique,,0,T1027.002,.NET source code contains potential unpacker,1,1,virustotal_behavior,canonical_trace
0f0f806647ef1ddfa417f9096878211f229841137a88169bf26260c7de908630,T1036,attack_technique,,0,T1036,,,0,,
0f0f806647ef1ddfa417f9096878211f229841137a88169bf26260c7de908630,T1047,attack_technique,,0,T1047,,,0,,
0f0f806647ef1ddfa417f9096878211f229841137a88169bf26260c7de908630,T1053,attack_technique,,0,T1053,,,0,,
0f0f806647ef1ddfa417f9096878211f229841137a88169bf26260c7de908630,T1055,attack_technique,,0,T1055,,,0,,
0f0f806647ef1ddfa417f9096878211f229841137a88169bf26260c7de908630,T1056,attack_technique,,0,T1056,,,0,,
0f0f806647ef1ddfa417f9096878211f229841137a88169bf26260c7de908630,T1057,attack_technique,,0,T1057,,,0,,
0f0f806647ef1ddfa417f9096878211f229841137a88169bf26260c7de908630,T1070.006,attack_technique,,0,T1070.006,,,0,,
0f0f806647ef1ddfa417f9096878211f229841137a88169bf26260c7de908630,T1071,attack_technique,,0,T1071,,,0,,
0f0f806647ef1ddfa417f9096878211f229841137a88169bf26260c7de908630,T1082,attack_technique,,0,T1082,"Queries the volume information (name, serial number etc) of a device",1,1,virustotal_behavior,canonical_trace
0f0f806647ef1ddfa417f9096878211f229841137a88169bf26260c7de908630,T1083,attack_technique,,0,T1083,,,0,,
0f0f806647ef1ddfa417f9096878211f229841137a88169bf26260c7de908630,T1095,attack_technique,,0,T1095,,,0,,
0f0f806647ef1ddfa417f9096878211f229841137a88169bf26260c7de908630,T1102,attack_technique,,0,T1102,,,0,,
0f0f806647ef1ddfa417f9096878211f229841137a88169bf26260c7de908630,T1105,attack_technique,,0,T1105,,,0,,
0f0f806647ef1ddfa417f9096878211f229841137a88169bf26260c7de908630,T1114,attack_technique,,0,T1114,,,0,,
0f0f806647ef1ddfa417f9096878211f229841137a88169bf26260c7de908630,T1497,attack_technique,,0,T1497,"Queries sensitive Operating System Information (via WMI, Win32_ComputerSystem, often done to detect virtual machines)",1,1,virustotal_behavior,canonical_trace
0f0f806647ef1ddfa417f9096878211f229841137a88169bf26260c7de908630,T1497.001,attack_technique,,0,T1497.001,,,0,,
0f0f806647ef1ddfa417f9096878211f229841137a88169bf26260c7de908630,T1518.001,attack_technique,,0,T1518.001,"Queries sensitive Operating System Information (via WMI, Win32_ComputerSystem, often done to detect virtual machines)",1,1,virustotal_behavior,canonical_trace
0f0f806647ef1ddfa417f9096878211f229841137a88169bf26260c7de908630,T1552.002,attack_technique,,0,T1552.002,,,0,,
0f0f806647ef1ddfa417f9096878211f229841137a88169bf26260c7de908630,T1562.001,attack_technique,,0,T1562.001,"Creates guard pages, often used to prevent reverse engineering and debugging",1,1,virustotal_behavior,canonical_trace
0f0f806647ef1ddfa417f9096878211f229841137a88169bf26260c7de908630,T1571,attack_technique,,0,T1571,,,0,,
0f0f806647ef1ddfa417f9096878211f229841137a88169bf26260c7de908630,T1573,attack_technique,,0,T1573,,,0,,
0f0f806647ef1ddfa417f9096878211f229841137a88169bf26260c7de908630,T1574.002,attack_technique,,0,T1574.002,Tries to load missing DLLs,1,1,virustotal_behavior,canonical_trace
123e3c4853526fdf0ef848e6b328f63964746ab6f0ef56f3366b7922ae353cc1,T1003,attack_technique,,0,T1003,,,0,,
123e3c4853526fdf0ef848e6b328f63964746ab6f0ef56f3366b7922ae353cc1,T1005,attack_technique,,0,T1005,,,0,,
123e3c4853526fdf0ef848e6b328f63964746ab6f0ef56f3366b7922ae353cc1,T1010,attack_technique,,0,T1010,,,0,,
123e3c4853526fdf0ef848e6b328f63964746ab6f0ef56f3366b7922ae353cc1,T1016,attack_technique,,0,T1016,,,0,,
123e3c4853526fdf0ef848e6b328f63964746ab6f0ef56f3366b7922ae353cc1,T1018,attack_technique,,0,T1018,,,0,,
123e3c4853526fdf0ef848e6b328f63964746ab6f0ef56f3366b7922ae353cc1,T1027,attack_technique,,0,T1027,,,0,,
123e3c4853526fdf0ef848e6b328f63964746ab6f0ef56f3366b7922ae353cc1,T1027.002,attack_technique,,0,T1027.002,,,0,,
123e3c4853526fdf0ef848e6b328f63964746ab6f0ef56f3366b7922ae353cc1,T1036,attack_technique,,0,T1036,,,0,,
123e3c4853526fdf0ef848e6b328f63964746ab6f0ef56f3366b7922ae353cc1,T1047,attack_technique,,0,T1047,,,0,,
123e3c4853526fdf0ef848e6b328f63964746ab6f0ef56f3366b7922ae353cc1,T1053,attack_technique,,0,T1053,,,0,,
123e3c4853526fdf0ef848e6b328f63964746ab6f0ef56f3366b7922ae353cc1,T1055,attack_technique,,0,T1055,,,0,,
123e3c4853526fdf0ef848e6b328f63964746ab6f0ef56f3366b7922ae353cc1,T1056,attack_technique,,0,T1056,,,0,,
123e3c4853526fdf0ef848e6b328f63964746ab6f0ef56f3366b7922ae353cc1,T1057,attack_technique,,0,T1057,,,0,,
123e3c4853526fdf0ef848e6b328f63964746ab6f0ef56f3366b7922ae353cc1,T1070.006,attack_technique,,0,T1070.006,,,0,,
123e3c4853526fdf0ef848e6b328f63964746ab6f0ef56f3366b7922ae353cc1,T1071,attack_technique,,0,T1071,,,0,,
123e3c4853526fdf0ef848e6b328f63964746ab6f0ef56f3366b7922ae353cc1,T1082,attack_technique,,0,T1082,,,0,,
123e3c4853526fdf0ef848e6b328f63964746ab6f0ef56f3366b7922ae353cc1,T1083,attack_technique,,0,T1083,,,0,,
123e3c4853526fdf0ef848e6b328f63964746ab6f0ef56f3366b7922ae353cc1,T1095,attack_technique,,0,T1095,,,0,,
123e3c4853526fdf0ef848e6b328f63964746ab6f0ef56f3366b7922ae353cc1,T1102,attack_technique,,0,T1102,,,0,,
123e3c4853526fdf0ef848e6b328f63964746ab6f0ef56f3366b7922ae353cc1,T1105,attack_technique,,0,T1105,,,0,,
123e3c4853526fdf0ef848e6b328f63964746ab6f0ef56f3366b7922ae353cc1,T1114,attack_technique,,0,T1114,,,0,,
123e3c4853526fdf0ef848e6b328f63964746ab6f0ef56f3366b7922ae353cc1,T1497,attack_technique,,0,T1497,,,0,,
123e3c4853526fdf0ef848e6b328f63964746ab6f0ef56f3366b7922ae353cc1,T1497.001,attack_technique,,0,T1497.001,,,0,,
123e3c4853526fdf0ef848e6b328f63964746ab6f0ef56f3366b7922ae353cc1,T1518.001,attack_technique,,0,T1518.001,,,0,,
123e3c4853526fdf0ef848e6b328f63964746ab6f0ef56f3366b7922ae353cc1,T1552.002,attack_technique,,0,T1552.002,,,0,,
123e3c4853526fdf0ef848e6b328f63964746ab6f0ef56f3366b7922ae353cc1,T1562.001,attack_technique,,0,T1562.001,,,0,,
123e3c4853526fdf0ef848e6b328f63964746ab6f0ef56f3366b7922ae353cc1,T1571,attack_technique,,0,T1571,,,0,,
123e3c4853526fdf0ef848e6b328f63964746ab6f0ef56f3366b7922ae353cc1,T1573,attack_technique,,0,T1573,,,0,,
123e3c4853526fdf0ef848e6b328f63964746ab6f0ef56f3366b7922ae353cc1,T1574.002,attack_technique,,0,T1574.002,,,0,,
17bc97e2ca85f244f75a5c15901ffd26f21eeec47d2e8d07eecfcdc799044c7a,T1003,attack_technique,,0,T1003,,,0,,
17bc97e2ca85f244f75a5c15901ffd26f21eeec47d2e8d07eecfcdc799044c7a,T1005,attack_technique,,0,T1005,,,0,,
17bc97e2ca85f244f75a5c15901ffd26f21eeec47d2e8d07eecfcdc799044c7a,T1010,attack_technique,,0,T1010,,,0,,
17bc97e2ca85f244f75a5c15901ffd26f21eeec47d2e8d07eecfcdc799044c7a,T1016,attack_technique,,0,T1016,,,0,,
17bc97e2ca85f244f75a5c15901ffd26f21eeec47d2e8d07eecfcdc799044c7a,T1018,attack_technique,,0,T1018,,,0,,
17bc97e2ca85f244f75a5c15901ffd26f21eeec47d2e8d07eecfcdc799044c7a,T1027,attack_technique,,0,T1027,,,0,,
17bc97e2ca85f244f75a5c15901ffd26f21eeec47d2e8d07eecfcdc799044c7a,T1027.002,attack_technique,,0,T1027.002,,,0,,
17bc97e2ca85f244f75a5c15901ffd26f21eeec47d2e8d07eecfcdc799044c7a,T1036,attack_technique,,0,T1036,,,0,,
17bc97e2ca85f244f75a5c15901ffd26f21eeec47d2e8d07eecfcdc799044c7a,T1047,attack_technique,,0,T1047,,,0,,
17bc97e2ca85f244f75a5c15901ffd26f21eeec47d2e8d07eecfcdc799044c7a,T1053,attack_technique,,0,T1053,,,0,,
17bc97e2ca85f244f75a5c15901ffd26f21eeec47d2e8d07eecfcdc799044c7a,T1055,attack_technique,,0,T1055,,,0,,
17bc97e2ca85f244f75a5c15901ffd26f21eeec47d2e8d07eecfcdc799044c7a,T1056,attack_technique,,0,T1056,,,0,,
17bc97e2ca85f244f75a5c15901ffd26f21eeec47d2e8d07eecfcdc799044c7a,T1057,attack_technique,,0,T1057,,,0,,
17bc97e2ca85f244f75a5c15901ffd26f21eeec47d2e8d07eecfcdc799044c7a,T1070.006,attack_technique,,0,T1070.006,,,0,,
17bc97e2ca85f244f75a5c15901ffd26f21eeec47d2e8d07eecfcdc799044c7a,T1071,attack_technique,,0,T1071,,,0,,
17bc97e2ca85f244f75a5c15901ffd26f21eeec47d2e8d07eecfcdc799044c7a,T1082,attack_technique,,0,T1082,,,0,,
17bc97e2ca85f244f75a5c15901ffd26f21eeec47d2e8d07eecfcdc799044c7a,T1083,attack_technique,,0,T1083,,,0,,
17bc97e2ca85f244f75a5c15901ffd26f21eeec47d2e8d07eecfcdc799044c7a,T1095,attack_technique,,0,T1095,,,0,,
17bc97e2ca85f244f75a5c15901ffd26f21eeec47d2e8d07eecfcdc799044c7a,T1102,attack_technique,,0,T1102,,,0,,
17bc97e2ca85f244f75a5c15901ffd26f21eeec47d2e8d07eecfcdc799044c7a,T1105,attack_technique,,0,T1105,,,0,,
17bc97e2ca85f244f75a5c15901ffd26f21eeec47d2e8d07eecfcdc799044c7a,T1114,attack_technique,,0,T1114,,,0,,
17bc97e2ca85f244f75a5c15901ffd26f21eeec47d2e8d07eecfcdc799044c7a,T1497,attack_technique,,0,T1497,,,0,,
17bc97e2ca85f244f75a5c15901ffd26f21eeec47d2e8d07eecfcdc799044c7a,T1497.001,attack_technique,,0,T1497.001,,,0,,
17bc97e2ca85f244f75a5c15901ffd26f21eeec47d2e8d07eecfcdc799044c7a,T1518.001,attack_technique,,0,T1518.001,,,0,,
17bc97e2ca85f244f75a5c15901ffd26f21eeec47d2e8d07eecfcdc799044c7a,T1552.002,attack_technique,,0,T1552.002,,,0,,
17bc97e2ca85f244f75a5c15901ffd26f21eeec47d2e8d07eecfcdc799044c7a,T1562.001,attack_technique,,0,T1562.001,,,0,,
17bc97e2ca85f244f75a5c15901ffd26f21eeec47d2e8d07eecfcdc799044c7a,T1571,attack_technique,,0,T1571,,,0,,
17bc97e2ca85f244f75a5c15901ffd26f21eeec47d2e8d07eecfcdc799044c7a,T1573,attack_technique,,0,T1573,,,0,,
17bc97e2ca85f244f75a5c15901ffd26f21eeec47d2e8d07eecfcdc799044c7a,T1574.002,attack_technique,,0,T1574.002,,,0,,
23fa3b4abdfca3141c061b6d9d32e146c010de4ce4c87e2fc358ad6eda46e65b,T1003,attack_technique,,0,T1003,,,0,,
23fa3b4abdfca3141c061b6d9d32e146c010de4ce4c87e2fc358ad6eda46e65b,T1005,attack_technique,,0,T1005,,,0,,
23fa3b4abdfca3141c061b6d9d32e146c010de4ce4c87e2fc358ad6eda46e65b,T1010,attack_technique,,0,T1010,,,0,,
23fa3b4abdfca3141c061b6d9d32e146c010de4ce4c87e2fc358ad6eda46e65b,T1016,attack_technique,,0,T1016,,,0,,
23fa3b4abdfca3141c061b6d9d32e146c010de4ce4c87e2fc358ad6eda46e65b,T1018,attack_technique,,0,T1018,,,0,,
23fa3b4abdfca3141c061b6d9d32e146c010de4ce4c87e2fc358ad6eda46e65b,T1027,attack_technique,,0,T1027,,,0,,
23fa3b4abdfca3141c061b6d9d32e146c010de4ce4c87e2fc358ad6eda46e65b,T1027.002,attack_technique,,0,T1027.002,,,0,,
23fa3b4abdfca3141c061b6d9d32e146c010de4ce4c87e2fc358ad6eda46e65b,T1036,attack_technique,,0,T1036,,,0,,
23fa3b4abdfca3141c061b6d9d32e146c010de4ce4c87e2fc358ad6eda46e65b,T1047,attack_technique,,0,T1047,,,0,,
23fa3b4abdfca3141c061b6d9d32e146c010de4ce4c87e2fc358ad6eda46e65b,T1053,attack_technique,,0,T1053,,,0,,
23fa3b4abdfca3141c061b6d9d32e146c010de4ce4c87e2fc358ad6eda46e65b,T1055,attack_technique,,0,T1055,,,0,,
23fa3b4abdfca3141c061b6d9d32e146c010de4ce4c87e2fc358ad6eda46e65b,T1056,attack_technique,,0,T1056,,,0,,
23fa3b4abdfca3141c061b6d9d32e146c010de4ce4c87e2fc358ad6eda46e65b,T1057,attack_technique,,0,T1057,,,0,,
23fa3b4abdfca3141c061b6d9d32e146c010de4ce4c87e2fc358ad6eda46e65b,T1070.006,attack_technique,,0,T1070.006,,,0,,
23fa3b4abdfca3141c061b6d9d32e146c010de4ce4c87e2fc358ad6eda46e65b,T1071,attack_technique,,0,T1071,,,0,,
23fa3b4abdfca3141c061b6d9d32e146c010de4ce4c87e2fc358ad6eda46e65b,T1082,attack_technique,,0,T1082,,,0,,
23fa3b4abdfca3141c061b6d9d32e146c010de4ce4c87e2fc358ad6eda46e65b,T1083,attack_technique,,0,T1083,,,0,,
23fa3b4abdfca3141c061b6d9d32e146c010de4ce4c87e2fc358ad6eda46e65b,T1095,attack_technique,,0,T1095,,,0,,
23fa3b4abdfca3141c061b6d9d32e146c010de4ce4c87e2fc358ad6eda46e65b,T1102,attack_technique,,0,T1102,,,0,,
23fa3b4abdfca3141c061b6d9d32e146c010de4ce4c87e2fc358ad6eda46e65b,T1105,attack_technique,,0,T1105,,,0,,
23fa3b4abdfca3141c061b6d9d32e146c010de4ce4c87e2fc358ad6eda46e65b,T1114,attack_technique,,0,T1114,,,0,,
23fa3b4abdfca3141c061b6d9d32e146c010de4ce4c87e2fc358ad6eda46e65b,T1497,attack_technique,,0,T1497,,,0,,
23fa3b4abdfca3141c061b6d9d32e146c010de4ce4c87e2fc358ad6eda46e65b,T1497.001,attack_technique,,0,T1497.001,,,0,,
23fa3b4abdfca3141c061b6d9d32e146c010de4ce4c87e2fc358ad6eda46e65b,T1518.001,attack_technique,,0,T1518.001,,,0,,
23fa3b4abdfca3141c061b6d9d32e146c010de4ce4c87e2fc358ad6eda46e65b,T1552.002,attack_technique,,0,T1552.002,,,0,,
23fa3b4abdfca3141c061b6d9d32e146c010de4ce4c87e2fc358ad6eda46e65b,T1562.001,attack_technique,,0,T1562.001,,,0,,
23fa3b4abdfca3141c061b6d9d32e146c010de4ce4c87e2fc358ad6eda46e65b,T1571,attack_technique,,0,T1571,,,0,,
23fa3b4abdfca3141c061b6d9d32e146c010de4ce4c87e2fc358ad6eda46e65b,T1573,attack_technique,,0,T1573,,,0,,
23fa3b4abdfca3141c061b6d9d32e146c010de4ce4c87e2fc358ad6eda46e65b,T1574.002,attack_technique,,0,T1574.002,,,0,,
24ea0d173d405ea594c2a48209f80d6df46e042d5a3f933567ab823ee878d7e3,T1003,attack_technique,,0,T1003,,,0,,
24ea0d173d405ea594c2a48209f80d6df46e042d5a3f933567ab823ee878d7e3,T1005,attack_technique,,0,T1005,,,0,,
24ea0d173d405ea594c2a48209f80d6df46e042d5a3f933567ab823ee878d7e3,T1010,attack_technique,,0,T1010,,,0,,
24ea0d173d405ea594c2a48209f80d6df46e042d5a3f933567ab823ee878d7e3,T1016,attack_technique,,0,T1016,,,0,,
24ea0d173d405ea594c2a48209f80d6df46e042d5a3f933567ab823ee878d7e3,T1018,attack_technique,,0,T1018,,,0,,
24ea0d173d405ea594c2a48209f80d6df46e042d5a3f933567ab823ee878d7e3,T1027,attack_technique,,0,T1027,,,0,,
24ea0d173d405ea594c2a48209f80d6df46e042d5a3f933567ab823ee878d7e3,T1027.002,attack_technique,,0,T1027.002,,,0,,
24ea0d173d405ea594c2a48209f80d6df46e042d5a3f933567ab823ee878d7e3,T1036,attack_technique,,0,T1036,,,0,,
24ea0d173d405ea594c2a48209f80d6df46e042d5a3f933567ab823ee878d7e3,T1047,attack_technique,,0,T1047,,,0,,
24ea0d173d405ea594c2a48209f80d6df46e042d5a3f933567ab823ee878d7e3,T1053,attack_technique,,0,T1053,,,0,,
24ea0d173d405ea594c2a48209f80d6df46e042d5a3f933567ab823ee878d7e3,T1055,attack_technique,,0,T1055,,,0,,
24ea0d173d405ea594c2a48209f80d6df46e042d5a3f933567ab823ee878d7e3,T1056,attack_technique,,0,T1056,,,0,,
24ea0d173d405ea594c2a48209f80d6df46e042d5a3f933567ab823ee878d7e3,T1057,attack_technique,,0,T1057,,,0,,
24ea0d173d405ea594c2a48209f80d6df46e042d5a3f933567ab823ee878d7e3,T1070.006,attack_technique,,0,T1070.006,,,0,,
24ea0d173d405ea594c2a48209f80d6df46e042d5a3f933567ab823ee878d7e3,T1071,attack_technique,,0,T1071,,,0,,
24ea0d173d405ea594c2a48209f80d6df46e042d5a3f933567ab823ee878d7e3,T1082,attack_technique,,0,T1082,,,0,,
24ea0d173d405ea594c2a48209f80d6df46e042d5a3f933567ab823ee878d7e3,T1083,attack_technique,,0,T1083,,,0,,
24ea0d173d405ea594c2a48209f80d6df46e042d5a3f933567ab823ee878d7e3,T1095,attack_technique,,0,T1095,,,0,,
24ea0d173d405ea594c2a48209f80d6df46e042d5a3f933567ab823ee878d7e3,T1102,attack_technique,,0,T1102,,,0,,
24ea0d173d405ea594c2a48209f80d6df46e042d5a3f933567ab823ee878d7e3,T1105,attack_technique,,0,T1105,,,0,,
24ea0d173d405ea594c2a48209f80d6df46e042d5a3f933567ab823ee878d7e3,T1114,attack_technique,,0,T1114,,,0,,
24ea0d173d405ea594c2a48209f80d6df46e042d5a3f933567ab823ee878d7e3,T1497,attack_technique,,0,T1497,,,0,,
24ea0d173d405ea594c2a48209f80d6df46e042d5a3f933567ab823ee878d7e3,T1497.001,attack_technique,,0,T1497.001,,,0,,
24ea0d173d405ea594c2a48209f80d6df46e042d5a3f933567ab823ee878d7e3,T1518.001,attack_technique,,0,T1518.001,,,0,,
24ea0d173d405ea594c2a48209f80d6df46e042d5a3f933567ab823ee878d7e3,T1552.002,attack_technique,,0,T1552.002,,,0,,
24ea0d173d405ea594c2a48209f80d6df46e042d5a3f933567ab823ee878d7e3,T1562.001,attack_technique,,0,T1562.001,,,0,,
24ea0d173d405ea594c2a48209f80d6df46e042d5a3f933567ab823ee878d7e3,T1571,attack_technique,,0,T1571,,,0,,
24ea0d173d405ea594c2a48209f80d6df46e042d5a3f933567ab823ee878d7e3,T1573,attack_technique,,0,T1573,,,0,,
24ea0d173d405ea594c2a48209f80d6df46e042d5a3f933567ab823ee878d7e3,T1574.002,attack_technique,,0,T1574.002,,,0,,
2e7b032d1d9ecef8f76cc5bdb0368ed4c74059c21066402da5443a44042ea424,T1003,attack_technique,,0,T1003,,,0,,
2e7b032d1d9ecef8f76cc5bdb0368ed4c74059c21066402da5443a44042ea424,T1005,attack_technique,,0,T1005,,,0,,
2e7b032d1d9ecef8f76cc5bdb0368ed4c74059c21066402da5443a44042ea424,T1010,attack_technique,,0,T1010,,,0,,
2e7b032d1d9ecef8f76cc5bdb0368ed4c74059c21066402da5443a44042ea424,T1016,attack_technique,,0,T1016,,,0,,
2e7b032d1d9ecef8f76cc5bdb0368ed4c74059c21066402da5443a44042ea424,T1018,attack_technique,,0,T1018,,,0,,
2e7b032d1d9ecef8f76cc5bdb0368ed4c74059c21066402da5443a44042ea424,T1027,attack_technique,,0,T1027,,,0,,
2e7b032d1d9ecef8f76cc5bdb0368ed4c74059c21066402da5443a44042ea424,T1027.002,attack_technique,,0,T1027.002,,,0,,
2e7b032d1d9ecef8f76cc5bdb0368ed4c74059c21066402da5443a44042ea424,T1036,attack_technique,,0,T1036,,,0,,
2e7b032d1d9ecef8f76cc5bdb0368ed4c74059c21066402da5443a44042ea424,T1047,attack_technique,,0,T1047,,,0,,
2e7b032d1d9ecef8f76cc5bdb0368ed4c74059c21066402da5443a44042ea424,T1053,attack_technique,,0,T1053,,,0,,
2e7b032d1d9ecef8f76cc5bdb0368ed4c74059c21066402da5443a44042ea424,T1055,attack_technique,,0,T1055,,,0,,
2e7b032d1d9ecef8f76cc5bdb0368ed4c74059c21066402da5443a44042ea424,T1056,attack_technique,,0,T1056,,,0,,
2e7b032d1d9ecef8f76cc5bdb0368ed4c74059c21066402da5443a44042ea424,T1057,attack_technique,,0,T1057,,,0,,
2e7b032d1d9ecef8f76cc5bdb0368ed4c74059c21066402da5443a44042ea424,T1070.006,attack_technique,,0,T1070.006,,,0,,
2e7b032d1d9ecef8f76cc5bdb0368ed4c74059c21066402da5443a44042ea424,T1071,attack_technique,,0,T1071,,,0,,
2e7b032d1d9ecef8f76cc5bdb0368ed4c74059c21066402da5443a44042ea424,T1082,attack_technique,,0,T1082,,,0,,
2e7b032d1d9ecef8f76cc5bdb0368ed4c74059c21066402da5443a44042ea424,T1083,attack_technique,,0,T1083,,,0,,
2e7b032d1d9ecef8f76cc5bdb0368ed4c74059c21066402da5443a44042ea424,T1095,attack_technique,,0,T1095,,,0,,
2e7b032d1d9ecef8f76cc5bdb0368ed4c74059c21066402da5443a44042ea424,T1102,attack_technique,,0,T1102,,,0,,
2e7b032d1d9ecef8f76cc5bdb0368ed4c74059c21066402da5443a44042ea424,T1105,attack_technique,,0,T1105,,,0,,
2e7b032d1d9ecef8f76cc5bdb0368ed4c74059c21066402da5443a44042ea424,T1114,attack_technique,,0,T1114,,,0,,
2e7b032d1d9ecef8f76cc5bdb0368ed4c74059c21066402da5443a44042ea424,T1497,attack_technique,,0,T1497,,,0,,
2e7b032d1d9ecef8f76cc5bdb0368ed4c74059c21066402da5443a44042ea424,T1497.001,attack_technique,,0,T1497.001,,,0,,
2e7b032d1d9ecef8f76cc5bdb0368ed4c74059c21066402da5443a44042ea424,T1518.001,attack_technique,,0,T1518.001,,,0,,
2e7b032d1d9ecef8f76cc5bdb0368ed4c74059c21066402da5443a44042ea424,T1552.002,attack_technique,,0,T1552.002,,,0,,
2e7b032d1d9ecef8f76cc5bdb0368ed4c74059c21066402da5443a44042ea424,T1562.001,attack_technique,,0,T1562.001,,,0,,
2e7b032d1d9ecef8f76cc5bdb0368ed4c74059c21066402da5443a44042ea424,T1571,attack_technique,,0,T1571,,,0,,
2e7b032d1d9ecef8f76cc5bdb0368ed4c74059c21066402da5443a44042ea424,T1573,attack_technique,,0,T1573,,,0,,
2e7b032d1d9ecef8f76cc5bdb0368ed4c74059c21066402da5443a44042ea424,T1574.002,attack_technique,,0,T1574.002,,,0,,
2fd93ff971dfc617b313410913e213f6c140066df0d5cb2bb396984855baf51f,T1003,attack_technique,,0,T1003,,,0,,
2fd93ff971dfc617b313410913e213f6c140066df0d5cb2bb396984855baf51f,T1005,attack_technique,,0,T1005,,,0,,
2fd93ff971dfc617b313410913e213f6c140066df0d5cb2bb396984855baf51f,T1010,attack_technique,,0,T1010,,,0,,
2fd93ff971dfc617b313410913e213f6c140066df0d5cb2bb396984855baf51f,T1016,attack_technique,,0,T1016,,,0,,
2fd93ff971dfc617b313410913e213f6c140066df0d5cb2bb396984855baf51f,T1018,attack_technique,,0,T1018,,,0,,
2fd93ff971dfc617b313410913e213f6c140066df0d5cb2bb396984855baf51f,T1027,attack_technique,,0,T1027,,,0,,
2fd93ff971dfc617b313410913e213f6c140066df0d5cb2bb396984855baf51f,T1027.002,attack_technique,,0,T1027.002,,,0,,
2fd93ff971dfc617b313410913e213f6c140066df0d5cb2bb396984855baf51f,T1036,attack_technique,,0,T1036,,,0,,
2fd93ff971dfc617b313410913e213f6c140066df0d5cb2bb396984855baf51f,T1047,attack_technique,,0,T1047,,,0,,
2fd93ff971dfc617b313410913e213f6c140066df0d5cb2bb396984855baf51f,T1053,attack_technique,,0,T1053,,,0,,
2fd93ff971dfc617b313410913e213f6c140066df0d5cb2bb396984855baf51f,T1055,attack_technique,,0,T1055,,,0,,
2fd93ff971dfc617b313410913e213f6c140066df0d5cb2bb396984855baf51f,T1056,attack_technique,,0,T1056,,,0,,
2fd93ff971dfc617b313410913e213f6c140066df0d5cb2bb396984855baf51f,T1057,attack_technique,,0,T1057,,,0,,
2fd93ff971dfc617b313410913e213f6c140066df0d5cb2bb396984855baf51f,T1070.006,attack_technique,,0,T1070.006,,,0,,
2fd93ff971dfc617b313410913e213f6c140066df0d5cb2bb396984855baf51f,T1071,attack_technique,,0,T1071,,,0,,
2fd93ff971dfc617b313410913e213f6c140066df0d5cb2bb396984855baf51f,T1082,attack_technique,,0,T1082,,,0,,
2fd93ff971dfc617b313410913e213f6c140066df0d5cb2bb396984855baf51f,T1083,attack_technique,,0,T1083,,,0,,
2fd93ff971dfc617b313410913e213f6c140066df0d5cb2bb396984855baf51f,T1095,attack_technique,,0,T1095,,,0,,
2fd93ff971dfc617b313410913e213f6c140066df0d5cb2bb396984855baf51f,T1102,attack_technique,,0,T1102,,,0,,
2fd93ff971dfc617b313410913e213f6c140066df0d5cb2bb396984855baf51f,T1105,attack_technique,,0,T1105,,,0,,
2fd93ff971dfc617b313410913e213f6c140066df0d5cb2bb396984855baf51f,T1114,attack_technique,,0,T1114,,,0,,
2fd93ff971dfc617b313410913e213f6c140066df0d5cb2bb396984855baf51f,T1497,attack_technique,,0,T1497,,,0,,
2fd93ff971dfc617b313410913e213f6c140066df0d5cb2bb396984855baf51f,T1497.001,attack_technique,,0,T1497.001,,,0,,
2fd93ff971dfc617b313410913e213f6c140066df0d5cb2bb396984855baf51f,T1518.001,attack_technique,,0,T1518.001,,,0,,
2fd93ff971dfc617b313410913e213f6c140066df0d5cb2bb396984855baf51f,T1552.002,attack_technique,,0,T1552.002,,,0,,
2fd93ff971dfc617b313410913e213f6c140066df0d5cb2bb396984855baf51f,T1562.001,attack_technique,,0,T1562.001,,,0,,
2fd93ff971dfc617b313410913e213f6c140066df0d5cb2bb396984855baf51f,T1571,attack_technique,,0,T1571,,,0,,
2fd93ff971dfc617b313410913e213f6c140066df0d5cb2bb396984855baf51f,T1573,attack_technique,,0,T1573,,,0,,
2fd93ff971dfc617b313410913e213f6c140066df0d5cb2bb396984855baf51f,T1574.002,attack_technique,,0,T1574.002,,,0,,
41d74ff5e0ffbc9022c2b1f3bb34dd0e8db0a1eefe3083921033348f5b35a32d,T1003,attack_technique,,0,T1003,,,0,,
41d74ff5e0ffbc9022c2b1f3bb34dd0e8db0a1eefe3083921033348f5b35a32d,T1005,attack_technique,,0,T1005,,,0,,
41d74ff5e0ffbc9022c2b1f3bb34dd0e8db0a1eefe3083921033348f5b35a32d,T1010,attack_technique,,0,T1010,,,0,,
41d74ff5e0ffbc9022c2b1f3bb34dd0e8db0a1eefe3083921033348f5b35a32d,T1016,attack_technique,,0,T1016,,,0,,
41d74ff5e0ffbc9022c2b1f3bb34dd0e8db0a1eefe3083921033348f5b35a32d,T1018,attack_technique,,0,T1018,,,0,,
41d74ff5e0ffbc9022c2b1f3bb34dd0e8db0a1eefe3083921033348f5b35a32d,T1027,attack_technique,,0,T1027,,,0,,
41d74ff5e0ffbc9022c2b1f3bb34dd0e8db0a1eefe3083921033348f5b35a32d,T1027.002,attack_technique,,0,T1027.002,,,0,,
41d74ff5e0ffbc9022c2b1f3bb34dd0e8db0a1eefe3083921033348f5b35a32d,T1036,attack_technique,,0,T1036,,,0,,
41d74ff5e0ffbc9022c2b1f3bb34dd0e8db0a1eefe3083921033348f5b35a32d,T1047,attack_technique,,0,T1047,,,0,,
41d74ff5e0ffbc9022c2b1f3bb34dd0e8db0a1eefe3083921033348f5b35a32d,T1053,attack_technique,,0,T1053,,,0,,
41d74ff5e0ffbc9022c2b1f3bb34dd0e8db0a1eefe3083921033348f5b35a32d,T1055,attack_technique,,0,T1055,,,0,,
41d74ff5e0ffbc9022c2b1f3bb34dd0e8db0a1eefe3083921033348f5b35a32d,T1056,attack_technique,,0,T1056,,,0,,
41d74ff5e0ffbc9022c2b1f3bb34dd0e8db0a1eefe3083921033348f5b35a32d,T1057,attack_technique,,0,T1057,,,0,,
41d74ff5e0ffbc9022c2b1f3bb34dd0e8db0a1eefe3083921033348f5b35a32d,T1070.006,attack_technique,,0,T1070.006,,,0,,
41d74ff5e0ffbc9022c2b1f3bb34dd0e8db0a1eefe3083921033348f5b35a32d,T1071,attack_technique,,0,T1071,,,0,,
41d74ff5e0ffbc9022c2b1f3bb34dd0e8db0a1eefe3083921033348f5b35a32d,T1082,attack_technique,,0,T1082,,,0,,
41d74ff5e0ffbc9022c2b1f3bb34dd0e8db0a1eefe3083921033348f5b35a32d,T1083,attack_technique,,0,T1083,,,0,,
41d74ff5e0ffbc9022c2b1f3bb34dd0e8db0a1eefe3083921033348f5b35a32d,T1095,attack_technique,,0,T1095,,,0,,
41d74ff5e0ffbc9022c2b1f3bb34dd0e8db0a1eefe3083921033348f5b35a32d,T1102,attack_technique,,0,T1102,,,0,,
41d74ff5e0ffbc9022c2b1f3bb34dd0e8db0a1eefe3083921033348f5b35a32d,T1105,attack_technique,,0,T1105,,,0,,
41d74ff5e0ffbc9022c2b1f3bb34dd0e8db0a1eefe3083921033348f5b35a32d,T1114,attack_technique,,0,T1114,,,0,,
41d74ff5e0ffbc9022c2b1f3bb34dd0e8db0a1eefe3083921033348f5b35a32d,T1497,attack_technique,,0,T1497,,,0,,
41d74ff5e0ffbc9022c2b1f3bb34dd0e8db0a1eefe3083921033348f5b35a32d,T1497.001,attack_technique,,0,T1497.001,,,0,,
41d74ff5e0ffbc9022c2b1f3bb34dd0e8db0a1eefe3083921033348f5b35a32d,T1518.001,attack_technique,,0,T1518.001,,,0,,
41d74ff5e0ffbc9022c2b1f3bb34dd0e8db0a1eefe3083921033348f5b35a32d,T1552.002,attack_technique,,0,T1552.002,,,0,,
41d74ff5e0ffbc9022c2b1f3bb34dd0e8db0a1eefe3083921033348f5b35a32d,T1562.001,attack_technique,,0,T1562.001,,,0,,
41d74ff5e0ffbc9022c2b1f3bb34dd0e8db0a1eefe3083921033348f5b35a32d,T1571,attack_technique,,0,T1571,,,0,,
41d74ff5e0ffbc9022c2b1f3bb34dd0e8db0a1eefe3083921033348f5b35a32d,T1573,attack_technique,,0,T1573,,,0,,
41d74ff5e0ffbc9022c2b1f3bb34dd0e8db0a1eefe3083921033348f5b35a32d,T1574.002,attack_technique,,0,T1574.002,,,0,,
42f3c37c10ea2707f3960cc837c3f63683161671c4a8a6a2615db2edb2ab6e73,T1003,attack_technique,,0,T1003,"Tries to harvest and steal browser information (history, passwords, etc)",1,1,virustotal_behavior,canonical_trace
42f3c37c10ea2707f3960cc837c3f63683161671c4a8a6a2615db2edb2ab6e73,T1005,attack_technique,,0,T1005,"Tries to harvest and steal browser information (history, passwords, etc)",1,1,virustotal_behavior,canonical_trace
42f3c37c10ea2707f3960cc837c3f63683161671c4a8a6a2615db2edb2ab6e73,T1010,attack_technique,,0,T1010,"Sample monitors Window changes (e.g. starting applications), analyze the sample with the simulation cookbook",1,1,virustotal_behavior,canonical_trace
42f3c37c10ea2707f3960cc837c3f63683161671c4a8a6a2615db2edb2ab6e73,T1016,attack_technique,,0,T1016,Checks the online ip address of the machine,1,1,virustotal_behavior,canonical_trace
42f3c37c10ea2707f3960cc837c3f63683161671c4a8a6a2615db2edb2ab6e73,T1018,attack_technique,,0,T1018,Reads the hosts file,1,1,virustotal_behavior,canonical_trace
42f3c37c10ea2707f3960cc837c3f63683161671c4a8a6a2615db2edb2ab6e73,T1027,attack_technique,,0,T1027,Binary may include packed or crypted data,1,1,virustotal_behavior,canonical_trace
42f3c37c10ea2707f3960cc837c3f63683161671c4a8a6a2615db2edb2ab6e73,T1027.002,attack_technique,,0,T1027.002,.NET source code contains potential unpacker,1,1,virustotal_behavior,canonical_trace
42f3c37c10ea2707f3960cc837c3f63683161671c4a8a6a2615db2edb2ab6e73,T1036,attack_technique,,0,T1036,Creates files inside the user directory,1,1,virustotal_behavior,canonical_trace
42f3c37c10ea2707f3960cc837c3f63683161671c4a8a6a2615db2edb2ab6e73,T1047,attack_technique,,0,T1047,"Queries sensitive Operating System Information (via WMI, Win32_ComputerSystem, often done to detect virtual machines)",1,1,virustotal_behavior,canonical_trace
42f3c37c10ea2707f3960cc837c3f63683161671c4a8a6a2615db2edb2ab6e73,T1053,attack_technique,,0,T1053,Uses schtasks.exe or at.exe to add and modify task schedules,1,1,virustotal_behavior,canonical_trace
42f3c37c10ea2707f3960cc837c3f63683161671c4a8a6a2615db2edb2ab6e73,T1055,attack_technique,,0,T1055,Injects a PE file into a foreign processes,1,1,virustotal_behavior,canonical_trace
42f3c37c10ea2707f3960cc837c3f63683161671c4a8a6a2615db2edb2ab6e73,T1056,attack_technique,,0,T1056,,,0,,
42f3c37c10ea2707f3960cc837c3f63683161671c4a8a6a2615db2edb2ab6e73,T1057,attack_technique,,0,T1057,Queries a list of all running processes,1,1,virustotal_behavior,canonical_trace
42f3c37c10ea2707f3960cc837c3f63683161671c4a8a6a2615db2edb2ab6e73,T1070.006,attack_technique,,0,T1070.006,,,0,,
42f3c37c10ea2707f3960cc837c3f63683161671c4a8a6a2615db2edb2ab6e73,T1071,attack_technique,,0,T1071,Posts data to webserver,1,1,virustotal_behavior,canonical_trace
42f3c37c10ea2707f3960cc837c3f63683161671c4a8a6a2615db2edb2ab6e73,T1082,attack_technique,,0,T1082,"Queries the volume information (name, serial number etc) of a device",1,1,virustotal_behavior,canonical_trace
42f3c37c10ea2707f3960cc837c3f63683161671c4a8a6a2615db2edb2ab6e73,T1083,attack_technique,,0,T1083,Reads ini files,1,1,virustotal_behavior,canonical_trace
42f3c37c10ea2707f3960cc837c3f63683161671c4a8a6a2615db2edb2ab6e73,T1095,attack_technique,,0,T1095,Posts data to webserver,1,1,virustotal_behavior,canonical_trace
42f3c37c10ea2707f3960cc837c3f63683161671c4a8a6a2615db2edb2ab6e73,T1102,attack_technique,,0,T1102,,,0,,
42f3c37c10ea2707f3960cc837c3f63683161671c4a8a6a2615db2edb2ab6e73,T1105,attack_technique,,0,T1105,,,0,,
42f3c37c10ea2707f3960cc837c3f63683161671c4a8a6a2615db2edb2ab6e73,T1114,attack_technique,,0,T1114,Tries to search for mail accounts,1,1,virustotal_behavior,canonical_trace
42f3c37c10ea2707f3960cc837c3f63683161671c4a8a6a2615db2edb2ab6e73,T1497,attack_technique,,0,T1497,"Queries sensitive Operating System Information (via WMI, Win32_ComputerSystem, often done to detect virtual machines)",1,1,virustotal_behavior,canonical_trace
42f3c37c10ea2707f3960cc837c3f63683161671c4a8a6a2615db2edb2ab6e73,T1497.001,attack_technique,,0,T1497.001,,,0,,
42f3c37c10ea2707f3960cc837c3f63683161671c4a8a6a2615db2edb2ab6e73,T1518.001,attack_technique,,0,T1518.001,"Queries sensitive Operating System Information (via WMI, Win32_ComputerSystem, often done to detect virtual machines)",1,1,virustotal_behavior,canonical_trace
42f3c37c10ea2707f3960cc837c3f63683161671c4a8a6a2615db2edb2ab6e73,T1552.002,attack_technique,,0,T1552.002,"Tries to harvest and steal Putty information (sessions, passwords, etc)",1,1,virustotal_behavior,canonical_trace
42f3c37c10ea2707f3960cc837c3f63683161671c4a8a6a2615db2edb2ab6e73,T1562.001,attack_technique,,0,T1562.001,"Creates guard pages, often used to prevent reverse engineering and debugging",1,1,virustotal_behavior,canonical_trace
42f3c37c10ea2707f3960cc837c3f63683161671c4a8a6a2615db2edb2ab6e73,T1571,attack_technique,,0,T1571,Detected TCP or UDP traffic on non-standard ports,1,1,virustotal_behavior,canonical_trace
42f3c37c10ea2707f3960cc837c3f63683161671c4a8a6a2615db2edb2ab6e73,T1573,attack_technique,,0,T1573,Uses HTTPS,1,1,virustotal_behavior,canonical_trace
42f3c37c10ea2707f3960cc837c3f63683161671c4a8a6a2615db2edb2ab6e73,T1574.002,attack_technique,,0,T1574.002,,,0,,
49745e8bd1dd69684694142c439e8340a7b8e2b0a334f502dd30d625e09236ab,T1003,attack_technique,,0,T1003,,,0,,
49745e8bd1dd69684694142c439e8340a7b8e2b0a334f502dd30d625e09236ab,T1005,attack_technique,,0,T1005,,,0,,
49745e8bd1dd69684694142c439e8340a7b8e2b0a334f502dd30d625e09236ab,T1010,attack_technique,,0,T1010,,,0,,
49745e8bd1dd69684694142c439e8340a7b8e2b0a334f502dd30d625e09236ab,T1016,attack_technique,,0,T1016,,,0,,
49745e8bd1dd69684694142c439e8340a7b8e2b0a334f502dd30d625e09236ab,T1018,attack_technique,,0,T1018,,,0,,
49745e8bd1dd69684694142c439e8340a7b8e2b0a334f502dd30d625e09236ab,T1027,attack_technique,,0,T1027,,,0,,
49745e8bd1dd69684694142c439e8340a7b8e2b0a334f502dd30d625e09236ab,T1027.002,attack_technique,,0,T1027.002,,,0,,
49745e8bd1dd69684694142c439e8340a7b8e2b0a334f502dd30d625e09236ab,T1036,attack_technique,,0,T1036,,,0,,
49745e8bd1dd69684694142c439e8340a7b8e2b0a334f502dd30d625e09236ab,T1047,attack_technique,,0,T1047,,,0,,
49745e8bd1dd69684694142c439e8340a7b8e2b0a334f502dd30d625e09236ab,T1053,attack_technique,,0,T1053,,,0,,
49745e8bd1dd69684694142c439e8340a7b8e2b0a334f502dd30d625e09236ab,T1055,attack_technique,,0,T1055,,,0,,
49745e8bd1dd69684694142c439e8340a7b8e2b0a334f502dd30d625e09236ab,T1056,attack_technique,,0,T1056,,,0,,
49745e8bd1dd69684694142c439e8340a7b8e2b0a334f502dd30d625e09236ab,T1057,attack_technique,,0,T1057,,,0,,
49745e8bd1dd69684694142c439e8340a7b8e2b0a334f502dd30d625e09236ab,T1070.006,attack_technique,,0,T1070.006,,,0,,
49745e8bd1dd69684694142c439e8340a7b8e2b0a334f502dd30d625e09236ab,T1071,attack_technique,,0,T1071,,,0,,
49745e8bd1dd69684694142c439e8340a7b8e2b0a334f502dd30d625e09236ab,T1082,attack_technique,,0,T1082,,,0,,
49745e8bd1dd69684694142c439e8340a7b8e2b0a334f502dd30d625e09236ab,T1083,attack_technique,,0,T1083,,,0,,
49745e8bd1dd69684694142c439e8340a7b8e2b0a334f502dd30d625e09236ab,T1095,attack_technique,,0,T1095,,,0,,
49745e8bd1dd69684694142c439e8340a7b8e2b0a334f502dd30d625e09236ab,T1102,attack_technique,,0,T1102,,,0,,
49745e8bd1dd69684694142c439e8340a7b8e2b0a334f502dd30d625e09236ab,T1105,attack_technique,,0,T1105,,,0,,
49745e8bd1dd69684694142c439e8340a7b8e2b0a334f502dd30d625e09236ab,T1114,attack_technique,,0,T1114,,,0,,
49745e8bd1dd69684694142c439e8340a7b8e2b0a334f502dd30d625e09236ab,T1497,attack_technique,,0,T1497,,,0,,
49745e8bd1dd69684694142c439e8340a7b8e2b0a334f502dd30d625e09236ab,T1497.001,attack_technique,,0,T1497.001,,,0,,
49745e8bd1dd69684694142c439e8340a7b8e2b0a334f502dd30d625e09236ab,T1518.001,attack_technique,,0,T1518.001,,,0,,
49745e8bd1dd69684694142c439e8340a7b8e2b0a334f502dd30d625e09236ab,T1552.002,attack_technique,,0,T1552.002,,,0,,
49745e8bd1dd69684694142c439e8340a7b8e2b0a334f502dd30d625e09236ab,T1562.001,attack_technique,,0,T1562.001,,,0,,
49745e8bd1dd69684694142c439e8340a7b8e2b0a334f502dd30d625e09236ab,T1571,attack_technique,,0,T1571,,,0,,
49745e8bd1dd69684694142c439e8340a7b8e2b0a334f502dd30d625e09236ab,T1573,attack_technique,,0,T1573,,,0,,
49745e8bd1dd69684694142c439e8340a7b8e2b0a334f502dd30d625e09236ab,T1574.002,attack_technique,,0,T1574.002,,,0,,
49a64a6c4915a69757b61e9621a85063d353680896c101cf46fe3b8f60437277,T1003,attack_technique,,0,T1003,,,0,,
49a64a6c4915a69757b61e9621a85063d353680896c101cf46fe3b8f60437277,T1005,attack_technique,,0,T1005,,,0,,
49a64a6c4915a69757b61e9621a85063d353680896c101cf46fe3b8f60437277,T1010,attack_technique,,0,T1010,,,0,,
49a64a6c4915a69757b61e9621a85063d353680896c101cf46fe3b8f60437277,T1016,attack_technique,,0,T1016,,,0,,
49a64a6c4915a69757b61e9621a85063d353680896c101cf46fe3b8f60437277,T1018,attack_technique,,0,T1018,,,0,,
49a64a6c4915a69757b61e9621a85063d353680896c101cf46fe3b8f60437277,T1027,attack_technique,,0,T1027,,,0,,
49a64a6c4915a69757b61e9621a85063d353680896c101cf46fe3b8f60437277,T1027.002,attack_technique,,0,T1027.002,,,0,,
49a64a6c4915a69757b61e9621a85063d353680896c101cf46fe3b8f60437277,T1036,attack_technique,,0,T1036,,,0,,
49a64a6c4915a69757b61e9621a85063d353680896c101cf46fe3b8f60437277,T1047,attack_technique,,0,T1047,,,0,,
49a64a6c4915a69757b61e9621a85063d353680896c101cf46fe3b8f60437277,T1053,attack_technique,,0,T1053,,,0,,
49a64a6c4915a69757b61e9621a85063d353680896c101cf46fe3b8f60437277,T1055,attack_technique,,0,T1055,,,0,,
49a64a6c4915a69757b61e9621a85063d353680896c101cf46fe3b8f60437277,T1056,attack_technique,,0,T1056,,,0,,
49a64a6c4915a69757b61e9621a85063d353680896c101cf46fe3b8f60437277,T1057,attack_technique,,0,T1057,,,0,,
49a64a6c4915a69757b61e9621a85063d353680896c101cf46fe3b8f60437277,T1070.006,attack_technique,,0,T1070.006,,,0,,
49a64a6c4915a69757b61e9621a85063d353680896c101cf46fe3b8f60437277,T1071,attack_technique,,0,T1071,,,0,,
49a64a6c4915a69757b61e9621a85063d353680896c101cf46fe3b8f60437277,T1082,attack_technique,,0,T1082,,,0,,
49a64a6c4915a69757b61e9621a85063d353680896c101cf46fe3b8f60437277,T1083,attack_technique,,0,T1083,,,0,,
49a64a6c4915a69757b61e9621a85063d353680896c101cf46fe3b8f60437277,T1095,attack_technique,,0,T1095,,,0,,
49a64a6c4915a69757b61e9621a85063d353680896c101cf46fe3b8f60437277,T1102,attack_technique,,0,T1102,,,0,,
49a64a6c4915a69757b61e9621a85063d353680896c101cf46fe3b8f60437277,T1105,attack_technique,,0,T1105,,,0,,
49a64a6c4915a69757b61e9621a85063d353680896c101cf46fe3b8f60437277,T1114,attack_technique,,0,T1114,,,0,,
49a64a6c4915a69757b61e9621a85063d353680896c101cf46fe3b8f60437277,T1497,attack_technique,,0,T1497,,,0,,
49a64a6c4915a69757b61e9621a85063d353680896c101cf46fe3b8f60437277,T1497.001,attack_technique,,0,T1497.001,,,0,,
49a64a6c4915a69757b61e9621a85063d353680896c101cf46fe3b8f60437277,T1518.001,attack_technique,,0,T1518.001,,,0,,
49a64a6c4915a69757b61e9621a85063d353680896c101cf46fe3b8f60437277,T1552.002,attack_technique,,0,T1552.002,,,0,,
49a64a6c4915a69757b61e9621a85063d353680896c101cf46fe3b8f60437277,T1562.001,attack_technique,,0,T1562.001,,,0,,
49a64a6c4915a69757b61e9621a85063d353680896c101cf46fe3b8f60437277,T1571,attack_technique,,0,T1571,,,0,,
49a64a6c4915a69757b61e9621a85063d353680896c101cf46fe3b8f60437277,T1573,attack_technique,,0,T1573,,,0,,
49a64a6c4915a69757b61e9621a85063d353680896c101cf46fe3b8f60437277,T1574.002,attack_technique,,0,T1574.002,,,0,,
49ce293be339303f0bd320f8e7370d8135a6f030891ed228af3644e0f6a62318,T1003,attack_technique,,0,T1003,,,0,,
49ce293be339303f0bd320f8e7370d8135a6f030891ed228af3644e0f6a62318,T1005,attack_technique,,0,T1005,,,0,,
49ce293be339303f0bd320f8e7370d8135a6f030891ed228af3644e0f6a62318,T1010,attack_technique,,0,T1010,,,0,,
49ce293be339303f0bd320f8e7370d8135a6f030891ed228af3644e0f6a62318,T1016,attack_technique,,0,T1016,,,0,,
49ce293be339303f0bd320f8e7370d8135a6f030891ed228af3644e0f6a62318,T1018,attack_technique,,0,T1018,,,0,,
49ce293be339303f0bd320f8e7370d8135a6f030891ed228af3644e0f6a62318,T1027,attack_technique,,0,T1027,,,0,,
49ce293be339303f0bd320f8e7370d8135a6f030891ed228af3644e0f6a62318,T1027.002,attack_technique,,0,T1027.002,,,0,,
49ce293be339303f0bd320f8e7370d8135a6f030891ed228af3644e0f6a62318,T1036,attack_technique,,0,T1036,,,0,,
49ce293be339303f0bd320f8e7370d8135a6f030891ed228af3644e0f6a62318,T1047,attack_technique,,0,T1047,,,0,,
49ce293be339303f0bd320f8e7370d8135a6f030891ed228af3644e0f6a62318,T1053,attack_technique,,0,T1053,,,0,,
49ce293be339303f0bd320f8e7370d8135a6f030891ed228af3644e0f6a62318,T1055,attack_technique,,0,T1055,,,0,,
49ce293be339303f0bd320f8e7370d8135a6f030891ed228af3644e0f6a62318,T1056,attack_technique,,0,T1056,,,0,,
49ce293be339303f0bd320f8e7370d8135a6f030891ed228af3644e0f6a62318,T1057,attack_technique,,0,T1057,,,0,,
49ce293be339303f0bd320f8e7370d8135a6f030891ed228af3644e0f6a62318,T1070.006,attack_technique,,0,T1070.006,,,0,,
49ce293be339303f0bd320f8e7370d8135a6f030891ed228af3644e0f6a62318,T1071,attack_technique,,0,T1071,,,0,,
49ce293be339303f0bd320f8e7370d8135a6f030891ed228af3644e0f6a62318,T1082,attack_technique,,0,T1082,,,0,,
49ce293be339303f0bd320f8e7370d8135a6f030891ed228af3644e0f6a62318,T1083,attack_technique,,0,T1083,,,0,,
49ce293be339303f0bd320f8e7370d8135a6f030891ed228af3644e0f6a62318,T1095,attack_technique,,0,T1095,,,0,,
49ce293be339303f0bd320f8e7370d8135a6f030891ed228af3644e0f6a62318,T1102,attack_technique,,0,T1102,,,0,,
49ce293be339303f0bd320f8e7370d8135a6f030891ed228af3644e0f6a62318,T1105,attack_technique,,0,T1105,,,0,,
49ce293be339303f0bd320f8e7370d8135a6f030891ed228af3644e0f6a62318,T1114,attack_technique,,0,T1114,,,0,,
49ce293be339303f0bd320f8e7370d8135a6f030891ed228af3644e0f6a62318,T1497,attack_technique,,0,T1497,,,0,,
49ce293be339303f0bd320f8e7370d8135a6f030891ed228af3644e0f6a62318,T1497.001,attack_technique,,0,T1497.001,,,0,,
49ce293be339303f0bd320f8e7370d8135a6f030891ed228af3644e0f6a62318,T1518.001,attack_technique,,0,T1518.001,,,0,,
49ce293be339303f0bd320f8e7370d8135a6f030891ed228af3644e0f6a62318,T1552.002,attack_technique,,0,T1552.002,,,0,,
49ce293be339303f0bd320f8e7370d8135a6f030891ed228af3644e0f6a62318,T1562.001,attack_technique,,0,T1562.001,,,0,,
49ce293be339303f0bd320f8e7370d8135a6f030891ed228af3644e0f6a62318,T1571,attack_technique,,0,T1571,,,0,,
49ce293be339303f0bd320f8e7370d8135a6f030891ed228af3644e0f6a62318,T1573,attack_technique,,0,T1573,,,0,,
49ce293be339303f0bd320f8e7370d8135a6f030891ed228af3644e0f6a62318,T1574.002,attack_technique,,0,T1574.002,,,0,,
4cb4716682de964ff46fba247d6efe3f3579bda6c4bef42b63be5ae32c3870f8,T1003,attack_technique,,0,T1003,,,0,,
4cb4716682de964ff46fba247d6efe3f3579bda6c4bef42b63be5ae32c3870f8,T1005,attack_technique,,0,T1005,,,0,,
4cb4716682de964ff46fba247d6efe3f3579bda6c4bef42b63be5ae32c3870f8,T1010,attack_technique,,0,T1010,,,0,,
4cb4716682de964ff46fba247d6efe3f3579bda6c4bef42b63be5ae32c3870f8,T1016,attack_technique,,0,T1016,,,0,,
4cb4716682de964ff46fba247d6efe3f3579bda6c4bef42b63be5ae32c3870f8,T1018,attack_technique,,0,T1018,,,0,,
4cb4716682de964ff46fba247d6efe3f3579bda6c4bef42b63be5ae32c3870f8,T1027,attack_technique,,0,T1027,,,0,,
4cb4716682de964ff46fba247d6efe3f3579bda6c4bef42b63be5ae32c3870f8,T1027.002,attack_technique,,0,T1027.002,,,0,,
4cb4716682de964ff46fba247d6efe3f3579bda6c4bef42b63be5ae32c3870f8,T1036,attack_technique,,0,T1036,,,0,,
4cb4716682de964ff46fba247d6efe3f3579bda6c4bef42b63be5ae32c3870f8,T1047,attack_technique,,0,T1047,,,0,,
4cb4716682de964ff46fba247d6efe3f3579bda6c4bef42b63be5ae32c3870f8,T1053,attack_technique,,0,T1053,,,0,,
4cb4716682de964ff46fba247d6efe3f3579bda6c4bef42b63be5ae32c3870f8,T1055,attack_technique,,0,T1055,,,0,,
4cb4716682de964ff46fba247d6efe3f3579bda6c4bef42b63be5ae32c3870f8,T1056,attack_technique,,0,T1056,,,0,,
4cb4716682de964ff46fba247d6efe3f3579bda6c4bef42b63be5ae32c3870f8,T1057,attack_technique,,0,T1057,,,0,,
4cb4716682de964ff46fba247d6efe3f3579bda6c4bef42b63be5ae32c3870f8,T1070.006,attack_technique,,0,T1070.006,,,0,,
4cb4716682de964ff46fba247d6efe3f3579bda6c4bef42b63be5ae32c3870f8,T1071,attack_technique,,0,T1071,,,0,,
4cb4716682de964ff46fba247d6efe3f3579bda6c4bef42b63be5ae32c3870f8,T1082,attack_technique,,0,T1082,,,0,,
4cb4716682de964ff46fba247d6efe3f3579bda6c4bef42b63be5ae32c3870f8,T1083,attack_technique,,0,T1083,,,0,,
4cb4716682de964ff46fba247d6efe3f3579bda6c4bef42b63be5ae32c3870f8,T1095,attack_technique,,0,T1095,,,0,,
4cb4716682de964ff46fba247d6efe3f3579bda6c4bef42b63be5ae32c3870f8,T1102,attack_technique,,0,T1102,,,0,,
4cb4716682de964ff46fba247d6efe3f3579bda6c4bef42b63be5ae32c3870f8,T1105,attack_technique,,0,T1105,,,0,,
4cb4716682de964ff46fba247d6efe3f3579bda6c4bef42b63be5ae32c3870f8,T1114,attack_technique,,0,T1114,,,0,,
4cb4716682de964ff46fba247d6efe3f3579bda6c4bef42b63be5ae32c3870f8,T1497,attack_technique,,0,T1497,,,0,,
4cb4716682de964ff46fba247d6efe3f3579bda6c4bef42b63be5ae32c3870f8,T1497.001,attack_technique,,0,T1497.001,,,0,,
4cb4716682de964ff46fba247d6efe3f3579bda6c4bef42b63be5ae32c3870f8,T1518.001,attack_technique,,0,T1518.001,,,0,,
4cb4716682de964ff46fba247d6efe3f3579bda6c4bef42b63be5ae32c3870f8,T1552.002,attack_technique,,0,T1552.002,,,0,,
4cb4716682de964ff46fba247d6efe3f3579bda6c4bef42b63be5ae32c3870f8,T1562.001,attack_technique,,0,T1562.001,,,0,,
4cb4716682de964ff46fba247d6efe3f3579bda6c4bef42b63be5ae32c3870f8,T1571,attack_technique,,0,T1571,,,0,,
4cb4716682de964ff46fba247d6efe3f3579bda6c4bef42b63be5ae32c3870f8,T1573,attack_technique,,0,T1573,,,0,,
4cb4716682de964ff46fba247d6efe3f3579bda6c4bef42b63be5ae32c3870f8,T1574.002,attack_technique,,0,T1574.002,,,0,,
4f5a1391de493537490fd96c80ae7c000801baa1e1ca34dd0e085ca897749b56,T1003,attack_technique,,0,T1003,,,0,,
4f5a1391de493537490fd96c80ae7c000801baa1e1ca34dd0e085ca897749b56,T1005,attack_technique,,0,T1005,,,0,,
4f5a1391de493537490fd96c80ae7c000801baa1e1ca34dd0e085ca897749b56,T1010,attack_technique,,0,T1010,,,0,,
4f5a1391de493537490fd96c80ae7c000801baa1e1ca34dd0e085ca897749b56,T1016,attack_technique,,0,T1016,,,0,,
4f5a1391de493537490fd96c80ae7c000801baa1e1ca34dd0e085ca897749b56,T1018,attack_technique,,0,T1018,,,0,,
4f5a1391de493537490fd96c80ae7c000801baa1e1ca34dd0e085ca897749b56,T1027,attack_technique,,0,T1027,,,0,,
4f5a1391de493537490fd96c80ae7c000801baa1e1ca34dd0e085ca897749b56,T1027.002,attack_technique,,0,T1027.002,,,0,,
4f5a1391de493537490fd96c80ae7c000801baa1e1ca34dd0e085ca897749b56,T1036,attack_technique,,0,T1036,,,0,,
4f5a1391de493537490fd96c80ae7c000801baa1e1ca34dd0e085ca897749b56,T1047,attack_technique,,0,T1047,,,0,,
4f5a1391de493537490fd96c80ae7c000801baa1e1ca34dd0e085ca897749b56,T1053,attack_technique,,0,T1053,,,0,,
4f5a1391de493537490fd96c80ae7c000801baa1e1ca34dd0e085ca897749b56,T1055,attack_technique,,0,T1055,,,0,,
4f5a1391de493537490fd96c80ae7c000801baa1e1ca34dd0e085ca897749b56,T1056,attack_technique,,0,T1056,,,0,,
4f5a1391de493537490fd96c80ae7c000801baa1e1ca34dd0e085ca897749b56,T1057,attack_technique,,0,T1057,,,0,,
4f5a1391de493537490fd96c80ae7c000801baa1e1ca34dd0e085ca897749b56,T1070.006,attack_technique,,0,T1070.006,,,0,,
4f5a1391de493537490fd96c80ae7c000801baa1e1ca34dd0e085ca897749b56,T1071,attack_technique,,0,T1071,,,0,,
4f5a1391de493537490fd96c80ae7c000801baa1e1ca34dd0e085ca897749b56,T1082,attack_technique,,0,T1082,,,0,,
4f5a1391de493537490fd96c80ae7c000801baa1e1ca34dd0e085ca897749b56,T1083,attack_technique,,0,T1083,,,0,,
4f5a1391de493537490fd96c80ae7c000801baa1e1ca34dd0e085ca897749b56,T1095,attack_technique,,0,T1095,,,0,,
4f5a1391de493537490fd96c80ae7c000801baa1e1ca34dd0e085ca897749b56,T1102,attack_technique,,0,T1102,,,0,,
4f5a1391de493537490fd96c80ae7c000801baa1e1ca34dd0e085ca897749b56,T1105,attack_technique,,0,T1105,,,0,,
4f5a1391de493537490fd96c80ae7c000801baa1e1ca34dd0e085ca897749b56,T1114,attack_technique,,0,T1114,,,0,,
4f5a1391de493537490fd96c80ae7c000801baa1e1ca34dd0e085ca897749b56,T1497,attack_technique,,0,T1497,,,0,,
4f5a1391de493537490fd96c80ae7c000801baa1e1ca34dd0e085ca897749b56,T1497.001,attack_technique,,0,T1497.001,,,0,,
4f5a1391de493537490fd96c80ae7c000801baa1e1ca34dd0e085ca897749b56,T1518.001,attack_technique,,0,T1518.001,,,0,,
4f5a1391de493537490fd96c80ae7c000801baa1e1ca34dd0e085ca897749b56,T1552.002,attack_technique,,0,T1552.002,,,0,,
4f5a1391de493537490fd96c80ae7c000801baa1e1ca34dd0e085ca897749b56,T1562.001,attack_technique,,0,T1562.001,,,0,,
4f5a1391de493537490fd96c80ae7c000801baa1e1ca34dd0e085ca897749b56,T1571,attack_technique,,0,T1571,,,0,,
4f5a1391de493537490fd96c80ae7c000801baa1e1ca34dd0e085ca897749b56,T1573,attack_technique,,0,T1573,,,0,,
4f5a1391de493537490fd96c80ae7c000801baa1e1ca34dd0e085ca897749b56,T1574.002,attack_technique,,0,T1574.002,,,0,,
58015eed1402173fcb76cd484223e4957b5226bf27af8aecc94b3d31c3b26ce7,T1003,attack_technique,,0,T1003,,,0,,
58015eed1402173fcb76cd484223e4957b5226bf27af8aecc94b3d31c3b26ce7,T1005,attack_technique,,0,T1005,,,0,,
58015eed1402173fcb76cd484223e4957b5226bf27af8aecc94b3d31c3b26ce7,T1010,attack_technique,,0,T1010,,,0,,
58015eed1402173fcb76cd484223e4957b5226bf27af8aecc94b3d31c3b26ce7,T1016,attack_technique,,0,T1016,,,0,,
58015eed1402173fcb76cd484223e4957b5226bf27af8aecc94b3d31c3b26ce7,T1018,attack_technique,,0,T1018,Reads the hosts file,1,1,virustotal_behavior,canonical_trace
58015eed1402173fcb76cd484223e4957b5226bf27af8aecc94b3d31c3b26ce7,T1027,attack_technique,,0,T1027,,,0,,
58015eed1402173fcb76cd484223e4957b5226bf27af8aecc94b3d31c3b26ce7,T1027.002,attack_technique,,0,T1027.002,,,0,,
58015eed1402173fcb76cd484223e4957b5226bf27af8aecc94b3d31c3b26ce7,T1036,attack_technique,,0,T1036,,,0,,
58015eed1402173fcb76cd484223e4957b5226bf27af8aecc94b3d31c3b26ce7,T1047,attack_technique,,0,T1047,,,0,,
58015eed1402173fcb76cd484223e4957b5226bf27af8aecc94b3d31c3b26ce7,T1053,attack_technique,,0,T1053,,,0,,
58015eed1402173fcb76cd484223e4957b5226bf27af8aecc94b3d31c3b26ce7,T1055,attack_technique,,0,T1055,Injects a PE file into a foreign processes,1,1,virustotal_behavior,canonical_trace
58015eed1402173fcb76cd484223e4957b5226bf27af8aecc94b3d31c3b26ce7,T1056,attack_technique,,0,T1056,,,0,,
58015eed1402173fcb76cd484223e4957b5226bf27af8aecc94b3d31c3b26ce7,T1057,attack_technique,,0,T1057,,,0,,
58015eed1402173fcb76cd484223e4957b5226bf27af8aecc94b3d31c3b26ce7,T1070.006,attack_technique,,0,T1070.006,,,0,,
58015eed1402173fcb76cd484223e4957b5226bf27af8aecc94b3d31c3b26ce7,T1071,attack_technique,,0,T1071,,,0,,
58015eed1402173fcb76cd484223e4957b5226bf27af8aecc94b3d31c3b26ce7,T1082,attack_technique,,0,T1082,"Queries the volume information (name, serial number etc) of a device",1,1,virustotal_behavior,canonical_trace
58015eed1402173fcb76cd484223e4957b5226bf27af8aecc94b3d31c3b26ce7,T1083,attack_technique,,0,T1083,,,0,,
58015eed1402173fcb76cd484223e4957b5226bf27af8aecc94b3d31c3b26ce7,T1095,attack_technique,,0,T1095,,,0,,
58015eed1402173fcb76cd484223e4957b5226bf27af8aecc94b3d31c3b26ce7,T1102,attack_technique,,0,T1102,,,0,,
58015eed1402173fcb76cd484223e4957b5226bf27af8aecc94b3d31c3b26ce7,T1105,attack_technique,,0,T1105,,,0,,
58015eed1402173fcb76cd484223e4957b5226bf27af8aecc94b3d31c3b26ce7,T1114,attack_technique,,0,T1114,,,0,,
58015eed1402173fcb76cd484223e4957b5226bf27af8aecc94b3d31c3b26ce7,T1497,attack_technique,,0,T1497,"Queries sensitive Operating System Information (via WMI, Win32_ComputerSystem, often done to detect virtual machines)",1,1,virustotal_behavior,canonical_trace
58015eed1402173fcb76cd484223e4957b5226bf27af8aecc94b3d31c3b26ce7,T1497.001,attack_technique,,0,T1497.001,,,0,,
58015eed1402173fcb76cd484223e4957b5226bf27af8aecc94b3d31c3b26ce7,T1518.001,attack_technique,,0,T1518.001,"Queries sensitive Operating System Information (via WMI, Win32_ComputerSystem, often done to detect virtual machines)",1,1,virustotal_behavior,canonical_trace
58015eed1402173fcb76cd484223e4957b5226bf27af8aecc94b3d31c3b26ce7,T1552.002,attack_technique,,0,T1552.002,,,0,,
58015eed1402173fcb76cd484223e4957b5226bf27af8aecc94b3d31c3b26ce7,T1562.001,attack_technique,,0,T1562.001,"Creates guard pages, often used to prevent reverse engineering and debugging",1,1,virustotal_behavior,canonical_trace
58015eed1402173fcb76cd484223e4957b5226bf27af8aecc94b3d31c3b26ce7,T1571,attack_technique,,0,T1571,,,0,,
58015eed1402173fcb76cd484223e4957b5226bf27af8aecc94b3d31c3b26ce7,T1573,attack_technique,,0,T1573,,,0,,
58015eed1402173fcb76cd484223e4957b5226bf27af8aecc94b3d31c3b26ce7,T1574.002,attack_technique,,0,T1574.002,,,0,,
5fc79339d292d301e721c0e4955e66c89debf99ad95d39c7c34b9f7d74d5812b,T1003,attack_technique,,0,T1003,,,0,,
5fc79339d292d301e721c0e4955e66c89debf99ad95d39c7c34b9f7d74d5812b,T1005,attack_technique,,0,T1005,,,0,,
5fc79339d292d301e721c0e4955e66c89debf99ad95d39c7c34b9f7d74d5812b,T1010,attack_technique,,0,T1010,,,0,,
5fc79339d292d301e721c0e4955e66c89debf99ad95d39c7c34b9f7d74d5812b,T1016,attack_technique,,0,T1016,,,0,,
5fc79339d292d301e721c0e4955e66c89debf99ad95d39c7c34b9f7d74d5812b,T1018,attack_technique,,0,T1018,,,0,,
5fc79339d292d301e721c0e4955e66c89debf99ad95d39c7c34b9f7d74d5812b,T1027,attack_technique,,0,T1027,,,0,,
5fc79339d292d301e721c0e4955e66c89debf99ad95d39c7c34b9f7d74d5812b,T1027.002,attack_technique,,0,T1027.002,,,0,,
5fc79339d292d301e721c0e4955e66c89debf99ad95d39c7c34b9f7d74d5812b,T1036,attack_technique,,0,T1036,,,0,,
5fc79339d292d301e721c0e4955e66c89debf99ad95d39c7c34b9f7d74d5812b,T1047,attack_technique,,0,T1047,,,0,,
5fc79339d292d301e721c0e4955e66c89debf99ad95d39c7c34b9f7d74d5812b,T1053,attack_technique,,0,T1053,,,0,,
5fc79339d292d301e721c0e4955e66c89debf99ad95d39c7c34b9f7d74d5812b,T1055,attack_technique,,0,T1055,,,0,,
5fc79339d292d301e721c0e4955e66c89debf99ad95d39c7c34b9f7d74d5812b,T1056,attack_technique,,0,T1056,,,0,,
5fc79339d292d301e721c0e4955e66c89debf99ad95d39c7c34b9f7d74d5812b,T1057,attack_technique,,0,T1057,,,0,,
5fc79339d292d301e721c0e4955e66c89debf99ad95d39c7c34b9f7d74d5812b,T1070.006,attack_technique,,0,T1070.006,,,0,,
5fc79339d292d301e721c0e4955e66c89debf99ad95d39c7c34b9f7d74d5812b,T1071,attack_technique,,0,T1071,,,0,,
5fc79339d292d301e721c0e4955e66c89debf99ad95d39c7c34b9f7d74d5812b,T1082,attack_technique,,0,T1082,,,0,,
5fc79339d292d301e721c0e4955e66c89debf99ad95d39c7c34b9f7d74d5812b,T1083,attack_technique,,0,T1083,,,0,,
5fc79339d292d301e721c0e4955e66c89debf99ad95d39c7c34b9f7d74d5812b,T1095,attack_technique,,0,T1095,,,0,,
5fc79339d292d301e721c0e4955e66c89debf99ad95d39c7c34b9f7d74d5812b,T1102,attack_technique,,0,T1102,,,0,,
5fc79339d292d301e721c0e4955e66c89debf99ad95d39c7c34b9f7d74d5812b,T1105,attack_technique,,0,T1105,,,0,,
5fc79339d292d301e721c0e4955e66c89debf99ad95d39c7c34b9f7d74d5812b,T1114,attack_technique,,0,T1114,,,0,,
5fc79339d292d301e721c0e4955e66c89debf99ad95d39c7c34b9f7d74d5812b,T1497,attack_technique,,0,T1497,,,0,,
5fc79339d292d301e721c0e4955e66c89debf99ad95d39c7c34b9f7d74d5812b,T1497.001,attack_technique,,0,T1497.001,,,0,,
5fc79339d292d301e721c0e4955e66c89debf99ad95d39c7c34b9f7d74d5812b,T1518.001,attack_technique,,0,T1518.001,,,0,,
5fc79339d292d301e721c0e4955e66c89debf99ad95d39c7c34b9f7d74d5812b,T1552.002,attack_technique,,0,T1552.002,,,0,,
5fc79339d292d301e721c0e4955e66c89debf99ad95d39c7c34b9f7d74d5812b,T1562.001,attack_technique,,0,T1562.001,,,0,,
5fc79339d292d301e721c0e4955e66c89debf99ad95d39c7c34b9f7d74d5812b,T1571,attack_technique,,0,T1571,,,0,,
5fc79339d292d301e721c0e4955e66c89debf99ad95d39c7c34b9f7d74d5812b,T1573,attack_technique,,0,T1573,,,0,,
5fc79339d292d301e721c0e4955e66c89debf99ad95d39c7c34b9f7d74d5812b,T1574.002,attack_technique,,0,T1574.002,,,0,,
65a24d8a7f81ba96d1baab6e39d60a8aa193e7555b43aef5c396c4bccbaecefc,T1003,attack_technique,,0,T1003,,,0,,
65a24d8a7f81ba96d1baab6e39d60a8aa193e7555b43aef5c396c4bccbaecefc,T1005,attack_technique,,0,T1005,,,0,,
65a24d8a7f81ba96d1baab6e39d60a8aa193e7555b43aef5c396c4bccbaecefc,T1010,attack_technique,,0,T1010,,,0,,
65a24d8a7f81ba96d1baab6e39d60a8aa193e7555b43aef5c396c4bccbaecefc,T1016,attack_technique,,0,T1016,,,0,,
65a24d8a7f81ba96d1baab6e39d60a8aa193e7555b43aef5c396c4bccbaecefc,T1018,attack_technique,,0,T1018,,,0,,
65a24d8a7f81ba96d1baab6e39d60a8aa193e7555b43aef5c396c4bccbaecefc,T1027,attack_technique,,0,T1027,,,0,,
65a24d8a7f81ba96d1baab6e39d60a8aa193e7555b43aef5c396c4bccbaecefc,T1027.002,attack_technique,,0,T1027.002,,,0,,
65a24d8a7f81ba96d1baab6e39d60a8aa193e7555b43aef5c396c4bccbaecefc,T1036,attack_technique,,0,T1036,,,0,,
65a24d8a7f81ba96d1baab6e39d60a8aa193e7555b43aef5c396c4bccbaecefc,T1047,attack_technique,,0,T1047,,,0,,
65a24d8a7f81ba96d1baab6e39d60a8aa193e7555b43aef5c396c4bccbaecefc,T1053,attack_technique,,0,T1053,,,0,,
65a24d8a7f81ba96d1baab6e39d60a8aa193e7555b43aef5c396c4bccbaecefc,T1055,attack_technique,,0,T1055,,,0,,
65a24d8a7f81ba96d1baab6e39d60a8aa193e7555b43aef5c396c4bccbaecefc,T1056,attack_technique,,0,T1056,,,0,,
65a24d8a7f81ba96d1baab6e39d60a8aa193e7555b43aef5c396c4bccbaecefc,T1057,attack_technique,,0,T1057,,,0,,
65a24d8a7f81ba96d1baab6e39d60a8aa193e7555b43aef5c396c4bccbaecefc,T1070.006,attack_technique,,0,T1070.006,,,0,,
65a24d8a7f81ba96d1baab6e39d60a8aa193e7555b43aef5c396c4bccbaecefc,T1071,attack_technique,,0,T1071,,,0,,
65a24d8a7f81ba96d1baab6e39d60a8aa193e7555b43aef5c396c4bccbaecefc,T1082,attack_technique,,0,T1082,,,0,,
65a24d8a7f81ba96d1baab6e39d60a8aa193e7555b43aef5c396c4bccbaecefc,T1083,attack_technique,,0,T1083,,,0,,
65a24d8a7f81ba96d1baab6e39d60a8aa193e7555b43aef5c396c4bccbaecefc,T1095,attack_technique,,0,T1095,,,0,,
65a24d8a7f81ba96d1baab6e39d60a8aa193e7555b43aef5c396c4bccbaecefc,T1102,attack_technique,,0,T1102,,,0,,
65a24d8a7f81ba96d1baab6e39d60a8aa193e7555b43aef5c396c4bccbaecefc,T1105,attack_technique,,0,T1105,,,0,,
65a24d8a7f81ba96d1baab6e39d60a8aa193e7555b43aef5c396c4bccbaecefc,T1114,attack_technique,,0,T1114,,,0,,
65a24d8a7f81ba96d1baab6e39d60a8aa193e7555b43aef5c396c4bccbaecefc,T1497,attack_technique,,0,T1497,,,0,,
65a24d8a7f81ba96d1baab6e39d60a8aa193e7555b43aef5c396c4bccbaecefc,T1497.001,attack_technique,,0,T1497.001,,,0,,
65a24d8a7f81ba96d1baab6e39d60a8aa193e7555b43aef5c396c4bccbaecefc,T1518.001,attack_technique,,0,T1518.001,,,0,,
65a24d8a7f81ba96d1baab6e39d60a8aa193e7555b43aef5c396c4bccbaecefc,T1552.002,attack_technique,,0,T1552.002,,,0,,
65a24d8a7f81ba96d1baab6e39d60a8aa193e7555b43aef5c396c4bccbaecefc,T1562.001,attack_technique,,0,T1562.001,,,0,,
65a24d8a7f81ba96d1baab6e39d60a8aa193e7555b43aef5c396c4bccbaecefc,T1571,attack_technique,,0,T1571,,,0,,
65a24d8a7f81ba96d1baab6e39d60a8aa193e7555b43aef5c396c4bccbaecefc,T1573,attack_technique,,0,T1573,,,0,,
65a24d8a7f81ba96d1baab6e39d60a8aa193e7555b43aef5c396c4bccbaecefc,T1574.002,attack_technique,,0,T1574.002,,,0,,
67e9526b9a464cb740956045bab5ba9fcae2c6922eff57890c6a0bea16c79d31,T1003,attack_technique,,0,T1003,,,0,,
67e9526b9a464cb740956045bab5ba9fcae2c6922eff57890c6a0bea16c79d31,T1005,attack_technique,,0,T1005,,,0,,
67e9526b9a464cb740956045bab5ba9fcae2c6922eff57890c6a0bea16c79d31,T1010,attack_technique,,0,T1010,,,0,,
67e9526b9a464cb740956045bab5ba9fcae2c6922eff57890c6a0bea16c79d31,T1016,attack_technique,,0,T1016,,,0,,
67e9526b9a464cb740956045bab5ba9fcae2c6922eff57890c6a0bea16c79d31,T1018,attack_technique,,0,T1018,,,0,,
67e9526b9a464cb740956045bab5ba9fcae2c6922eff57890c6a0bea16c79d31,T1027,attack_technique,,0,T1027,,,0,,
67e9526b9a464cb740956045bab5ba9fcae2c6922eff57890c6a0bea16c79d31,T1027.002,attack_technique,,0,T1027.002,,,0,,
67e9526b9a464cb740956045bab5ba9fcae2c6922eff57890c6a0bea16c79d31,T1036,attack_technique,,0,T1036,,,0,,
67e9526b9a464cb740956045bab5ba9fcae2c6922eff57890c6a0bea16c79d31,T1047,attack_technique,,0,T1047,,,0,,
67e9526b9a464cb740956045bab5ba9fcae2c6922eff57890c6a0bea16c79d31,T1053,attack_technique,,0,T1053,,,0,,
67e9526b9a464cb740956045bab5ba9fcae2c6922eff57890c6a0bea16c79d31,T1055,attack_technique,,0,T1055,,,0,,
67e9526b9a464cb740956045bab5ba9fcae2c6922eff57890c6a0bea16c79d31,T1056,attack_technique,,0,T1056,,,0,,
67e9526b9a464cb740956045bab5ba9fcae2c6922eff57890c6a0bea16c79d31,T1057,attack_technique,,0,T1057,,,0,,
67e9526b9a464cb740956045bab5ba9fcae2c6922eff57890c6a0bea16c79d31,T1070.006,attack_technique,,0,T1070.006,,,0,,
67e9526b9a464cb740956045bab5ba9fcae2c6922eff57890c6a0bea16c79d31,T1071,attack_technique,,0,T1071,,,0,,
67e9526b9a464cb740956045bab5ba9fcae2c6922eff57890c6a0bea16c79d31,T1082,attack_technique,,0,T1082,,,0,,
67e9526b9a464cb740956045bab5ba9fcae2c6922eff57890c6a0bea16c79d31,T1083,attack_technique,,0,T1083,,,0,,
67e9526b9a464cb740956045bab5ba9fcae2c6922eff57890c6a0bea16c79d31,T1095,attack_technique,,0,T1095,,,0,,
67e9526b9a464cb740956045bab5ba9fcae2c6922eff57890c6a0bea16c79d31,T1102,attack_technique,,0,T1102,,,0,,
67e9526b9a464cb740956045bab5ba9fcae2c6922eff57890c6a0bea16c79d31,T1105,attack_technique,,0,T1105,,,0,,
67e9526b9a464cb740956045bab5ba9fcae2c6922eff57890c6a0bea16c79d31,T1114,attack_technique,,0,T1114,,,0,,
67e9526b9a464cb740956045bab5ba9fcae2c6922eff57890c6a0bea16c79d31,T1497,attack_technique,,0,T1497,,,0,,
67e9526b9a464cb740956045bab5ba9fcae2c6922eff57890c6a0bea16c79d31,T1497.001,attack_technique,,0,T1497.001,,,0,,
67e9526b9a464cb740956045bab5ba9fcae2c6922eff57890c6a0bea16c79d31,T1518.001,attack_technique,,0,T1518.001,,,0,,
67e9526b9a464cb740956045bab5ba9fcae2c6922eff57890c6a0bea16c79d31,T1552.002,attack_technique,,0,T1552.002,,,0,,
67e9526b9a464cb740956045bab5ba9fcae2c6922eff57890c6a0bea16c79d31,T1562.001,attack_technique,,0,T1562.001,,,0,,
67e9526b9a464cb740956045bab5ba9fcae2c6922eff57890c6a0bea16c79d31,T1571,attack_technique,,0,T1571,,,0,,
67e9526b9a464cb740956045bab5ba9fcae2c6922eff57890c6a0bea16c79d31,T1573,attack_technique,,0,T1573,,,0,,
67e9526b9a464cb740956045bab5ba9fcae2c6922eff57890c6a0bea16c79d31,T1574.002,attack_technique,,0,T1574.002,,,0,,
6b1b8b3b698f279b431c36b49b501512e4cd47f92710942672904de6cdf51a67,T1003,attack_technique,,0,T1003,,,0,,
6b1b8b3b698f279b431c36b49b501512e4cd47f92710942672904de6cdf51a67,T1005,attack_technique,,0,T1005,,,0,,
6b1b8b3b698f279b431c36b49b501512e4cd47f92710942672904de6cdf51a67,T1010,attack_technique,,0,T1010,,,0,,
6b1b8b3b698f279b431c36b49b501512e4cd47f92710942672904de6cdf51a67,T1016,attack_technique,,0,T1016,,,0,,
6b1b8b3b698f279b431c36b49b501512e4cd47f92710942672904de6cdf51a67,T1018,attack_technique,,0,T1018,,,0,,
6b1b8b3b698f279b431c36b49b501512e4cd47f92710942672904de6cdf51a67,T1027,attack_technique,,0,T1027,,,0,,
6b1b8b3b698f279b431c36b49b501512e4cd47f92710942672904de6cdf51a67,T1027.002,attack_technique,,0,T1027.002,,,0,,
6b1b8b3b698f279b431c36b49b501512e4cd47f92710942672904de6cdf51a67,T1036,attack_technique,,0,T1036,,,0,,
6b1b8b3b698f279b431c36b49b501512e4cd47f92710942672904de6cdf51a67,T1047,attack_technique,,0,T1047,,,0,,
6b1b8b3b698f279b431c36b49b501512e4cd47f92710942672904de6cdf51a67,T1053,attack_technique,,0,T1053,,,0,,
6b1b8b3b698f279b431c36b49b501512e4cd47f92710942672904de6cdf51a67,T1055,attack_technique,,0,T1055,,,0,,
6b1b8b3b698f279b431c36b49b501512e4cd47f92710942672904de6cdf51a67,T1056,attack_technique,,0,T1056,,,0,,
6b1b8b3b698f279b431c36b49b501512e4cd47f92710942672904de6cdf51a67,T1057,attack_technique,,0,T1057,,,0,,
6b1b8b3b698f279b431c36b49b501512e4cd47f92710942672904de6cdf51a67,T1070.006,attack_technique,,0,T1070.006,,,0,,
6b1b8b3b698f279b431c36b49b501512e4cd47f92710942672904de6cdf51a67,T1071,attack_technique,,0,T1071,,,0,,
6b1b8b3b698f279b431c36b49b501512e4cd47f92710942672904de6cdf51a67,T1082,attack_technique,,0,T1082,,,0,,
6b1b8b3b698f279b431c36b49b501512e4cd47f92710942672904de6cdf51a67,T1083,attack_technique,,0,T1083,,,0,,
6b1b8b3b698f279b431c36b49b501512e4cd47f92710942672904de6cdf51a67,T1095,attack_technique,,0,T1095,,,0,,
6b1b8b3b698f279b431c36b49b501512e4cd47f92710942672904de6cdf51a67,T1102,attack_technique,,0,T1102,,,0,,
6b1b8b3b698f279b431c36b49b501512e4cd47f92710942672904de6cdf51a67,T1105,attack_technique,,0,T1105,,,0,,
6b1b8b3b698f279b431c36b49b501512e4cd47f92710942672904de6cdf51a67,T1114,attack_technique,,0,T1114,,,0,,
6b1b8b3b698f279b431c36b49b501512e4cd47f92710942672904de6cdf51a67,T1497,attack_technique,,0,T1497,,,0,,
6b1b8b3b698f279b431c36b49b501512e4cd47f92710942672904de6cdf51a67,T1497.001,attack_technique,,0,T1497.001,,,0,,
6b1b8b3b698f279b431c36b49b501512e4cd47f92710942672904de6cdf51a67,T1518.001,attack_technique,,0,T1518.001,,,0,,
6b1b8b3b698f279b431c36b49b501512e4cd47f92710942672904de6cdf51a67,T1552.002,attack_technique,,0,T1552.002,,,0,,
6b1b8b3b698f279b431c36b49b501512e4cd47f92710942672904de6cdf51a67,T1562.001,attack_technique,,0,T1562.001,,,0,,
6b1b8b3b698f279b431c36b49b501512e4cd47f92710942672904de6cdf51a67,T1571,attack_technique,,0,T1571,,,0,,
6b1b8b3b698f279b431c36b49b501512e4cd47f92710942672904de6cdf51a67,T1573,attack_technique,,0,T1573,,,0,,
6b1b8b3b698f279b431c36b49b501512e4cd47f92710942672904de6cdf51a67,T1574.002,attack_technique,,0,T1574.002,,,0,,
80cb8ecc27a852f75ef2c133658a36a124a4437e87245cbee0f610a5883770b2,T1003,attack_technique,,0,T1003,,,0,,
80cb8ecc27a852f75ef2c133658a36a124a4437e87245cbee0f610a5883770b2,T1005,attack_technique,,0,T1005,,,0,,
80cb8ecc27a852f75ef2c133658a36a124a4437e87245cbee0f610a5883770b2,T1010,attack_technique,,0,T1010,,,0,,
80cb8ecc27a852f75ef2c133658a36a124a4437e87245cbee0f610a5883770b2,T1016,attack_technique,,0,T1016,,,0,,
80cb8ecc27a852f75ef2c133658a36a124a4437e87245cbee0f610a5883770b2,T1018,attack_technique,,0,T1018,,,0,,
80cb8ecc27a852f75ef2c133658a36a124a4437e87245cbee0f610a5883770b2,T1027,attack_technique,,0,T1027,,,0,,
80cb8ecc27a852f75ef2c133658a36a124a4437e87245cbee0f610a5883770b2,T1027.002,attack_technique,,0,T1027.002,,,0,,
80cb8ecc27a852f75ef2c133658a36a124a4437e87245cbee0f610a5883770b2,T1036,attack_technique,,0,T1036,,,0,,
80cb8ecc27a852f75ef2c133658a36a124a4437e87245cbee0f610a5883770b2,T1047,attack_technique,,0,T1047,,,0,,
80cb8ecc27a852f75ef2c133658a36a124a4437e87245cbee0f610a5883770b2,T1053,attack_technique,,0,T1053,,,0,,
80cb8ecc27a852f75ef2c133658a36a124a4437e87245cbee0f610a5883770b2,T1055,attack_technique,,0,T1055,,,0,,
80cb8ecc27a852f75ef2c133658a36a124a4437e87245cbee0f610a5883770b2,T1056,attack_technique,,0,T1056,,,0,,
80cb8ecc27a852f75ef2c133658a36a124a4437e87245cbee0f610a5883770b2,T1057,attack_technique,,0,T1057,,,0,,
80cb8ecc27a852f75ef2c133658a36a124a4437e87245cbee0f610a5883770b2,T1070.006,attack_technique,,0,T1070.006,,,0,,
80cb8ecc27a852f75ef2c133658a36a124a4437e87245cbee0f610a5883770b2,T1071,attack_technique,,0,T1071,,,0,,
80cb8ecc27a852f75ef2c133658a36a124a4437e87245cbee0f610a5883770b2,T1082,attack_technique,,0,T1082,,,0,,
80cb8ecc27a852f75ef2c133658a36a124a4437e87245cbee0f610a5883770b2,T1083,attack_technique,,0,T1083,,,0,,
80cb8ecc27a852f75ef2c133658a36a124a4437e87245cbee0f610a5883770b2,T1095,attack_technique,,0,T1095,,,0,,
80cb8ecc27a852f75ef2c133658a36a124a4437e87245cbee0f610a5883770b2,T1102,attack_technique,,0,T1102,,,0,,
80cb8ecc27a852f75ef2c133658a36a124a4437e87245cbee0f610a5883770b2,T1105,attack_technique,,0,T1105,,,0,,
80cb8ecc27a852f75ef2c133658a36a124a4437e87245cbee0f610a5883770b2,T1114,attack_technique,,0,T1114,,,0,,
80cb8ecc27a852f75ef2c133658a36a124a4437e87245cbee0f610a5883770b2,T1497,attack_technique,,0,T1497,,,0,,
80cb8ecc27a852f75ef2c133658a36a124a4437e87245cbee0f610a5883770b2,T1497.001,attack_technique,,0,T1497.001,,,0,,
80cb8ecc27a852f75ef2c133658a36a124a4437e87245cbee0f610a5883770b2,T1518.001,attack_technique,,0,T1518.001,,,0,,
80cb8ecc27a852f75ef2c133658a36a124a4437e87245cbee0f610a5883770b2,T1552.002,attack_technique,,0,T1552.002,,,0,,
80cb8ecc27a852f75ef2c133658a36a124a4437e87245cbee0f610a5883770b2,T1562.001,attack_technique,,0,T1562.001,,,0,,
80cb8ecc27a852f75ef2c133658a36a124a4437e87245cbee0f610a5883770b2,T1571,attack_technique,,0,T1571,,,0,,
80cb8ecc27a852f75ef2c133658a36a124a4437e87245cbee0f610a5883770b2,T1573,attack_technique,,0,T1573,,,0,,
80cb8ecc27a852f75ef2c133658a36a124a4437e87245cbee0f610a5883770b2,T1574.002,attack_technique,,0,T1574.002,,,0,,
8ce1e873b37e8b3db2f539f2b0fc7658fa8384d9c442270fd9816b00c15cb381,T1003,attack_technique,,0,T1003,,,0,,
8ce1e873b37e8b3db2f539f2b0fc7658fa8384d9c442270fd9816b00c15cb381,T1005,attack_technique,,0,T1005,,,0,,
8ce1e873b37e8b3db2f539f2b0fc7658fa8384d9c442270fd9816b00c15cb381,T1010,attack_technique,,0,T1010,,,0,,
8ce1e873b37e8b3db2f539f2b0fc7658fa8384d9c442270fd9816b00c15cb381,T1016,attack_technique,,0,T1016,,,0,,
8ce1e873b37e8b3db2f539f2b0fc7658fa8384d9c442270fd9816b00c15cb381,T1018,attack_technique,,0,T1018,,,0,,
8ce1e873b37e8b3db2f539f2b0fc7658fa8384d9c442270fd9816b00c15cb381,T1027,attack_technique,,0,T1027,,,0,,
8ce1e873b37e8b3db2f539f2b0fc7658fa8384d9c442270fd9816b00c15cb381,T1027.002,attack_technique,,0,T1027.002,,,0,,
8ce1e873b37e8b3db2f539f2b0fc7658fa8384d9c442270fd9816b00c15cb381,T1036,attack_technique,,0,T1036,,,0,,
8ce1e873b37e8b3db2f539f2b0fc7658fa8384d9c442270fd9816b00c15cb381,T1047,attack_technique,,0,T1047,,,0,,
8ce1e873b37e8b3db2f539f2b0fc7658fa8384d9c442270fd9816b00c15cb381,T1053,attack_technique,,0,T1053,,,0,,
8ce1e873b37e8b3db2f539f2b0fc7658fa8384d9c442270fd9816b00c15cb381,T1055,attack_technique,,0,T1055,,,0,,
8ce1e873b37e8b3db2f539f2b0fc7658fa8384d9c442270fd9816b00c15cb381,T1056,attack_technique,,0,T1056,,,0,,
8ce1e873b37e8b3db2f539f2b0fc7658fa8384d9c442270fd9816b00c15cb381,T1057,attack_technique,,0,T1057,,,0,,
8ce1e873b37e8b3db2f539f2b0fc7658fa8384d9c442270fd9816b00c15cb381,T1070.006,attack_technique,,0,T1070.006,,,0,,
8ce1e873b37e8b3db2f539f2b0fc7658fa8384d9c442270fd9816b00c15cb381,T1071,attack_technique,,0,T1071,,,0,,
8ce1e873b37e8b3db2f539f2b0fc7658fa8384d9c442270fd9816b00c15cb381,T1082,attack_technique,,0,T1082,,,0,,
8ce1e873b37e8b3db2f539f2b0fc7658fa8384d9c442270fd9816b00c15cb381,T1083,attack_technique,,0,T1083,,,0,,
8ce1e873b37e8b3db2f539f2b0fc7658fa8384d9c442270fd9816b00c15cb381,T1095,attack_technique,,0,T1095,,,0,,
8ce1e873b37e8b3db2f539f2b0fc7658fa8384d9c442270fd9816b00c15cb381,T1102,attack_technique,,0,T1102,,,0,,
8ce1e873b37e8b3db2f539f2b0fc7658fa8384d9c442270fd9816b00c15cb381,T1105,attack_technique,,0,T1105,,,0,,
8ce1e873b37e8b3db2f539f2b0fc7658fa8384d9c442270fd9816b00c15cb381,T1114,attack_technique,,0,T1114,,,0,,
8ce1e873b37e8b3db2f539f2b0fc7658fa8384d9c442270fd9816b00c15cb381,T1497,attack_technique,,0,T1497,,,0,,
8ce1e873b37e8b3db2f539f2b0fc7658fa8384d9c442270fd9816b00c15cb381,T1497.001,attack_technique,,0,T1497.001,,,0,,
8ce1e873b37e8b3db2f539f2b0fc7658fa8384d9c442270fd9816b00c15cb381,T1518.001,attack_technique,,0,T1518.001,,,0,,
8ce1e873b37e8b3db2f539f2b0fc7658fa8384d9c442270fd9816b00c15cb381,T1552.002,attack_technique,,0,T1552.002,,,0,,
8ce1e873b37e8b3db2f539f2b0fc7658fa8384d9c442270fd9816b00c15cb381,T1562.001,attack_technique,,0,T1562.001,,,0,,
8ce1e873b37e8b3db2f539f2b0fc7658fa8384d9c442270fd9816b00c15cb381,T1571,attack_technique,,0,T1571,,,0,,
8ce1e873b37e8b3db2f539f2b0fc7658fa8384d9c442270fd9816b00c15cb381,T1573,attack_technique,,0,T1573,,,0,,
8ce1e873b37e8b3db2f539f2b0fc7658fa8384d9c442270fd9816b00c15cb381,T1574.002,attack_technique,,0,T1574.002,,,0,,
8f0a46a32d4eb11db545e659c7a6dfb72ba1209d0f5821ea0bc35c5b924b97fd,T1003,attack_technique,,0,T1003,,,0,,
8f0a46a32d4eb11db545e659c7a6dfb72ba1209d0f5821ea0bc35c5b924b97fd,T1005,attack_technique,,0,T1005,,,0,,
8f0a46a32d4eb11db545e659c7a6dfb72ba1209d0f5821ea0bc35c5b924b97fd,T1010,attack_technique,,0,T1010,,,0,,
8f0a46a32d4eb11db545e659c7a6dfb72ba1209d0f5821ea0bc35c5b924b97fd,T1016,attack_technique,,0,T1016,,,0,,
8f0a46a32d4eb11db545e659c7a6dfb72ba1209d0f5821ea0bc35c5b924b97fd,T1018,attack_technique,,0,T1018,,,0,,
8f0a46a32d4eb11db545e659c7a6dfb72ba1209d0f5821ea0bc35c5b924b97fd,T1027,attack_technique,,0,T1027,,,0,,
8f0a46a32d4eb11db545e659c7a6dfb72ba1209d0f5821ea0bc35c5b924b97fd,T1027.002,attack_technique,,0,T1027.002,,,0,,
8f0a46a32d4eb11db545e659c7a6dfb72ba1209d0f5821ea0bc35c5b924b97fd,T1036,attack_technique,,0,T1036,,,0,,
8f0a46a32d4eb11db545e659c7a6dfb72ba1209d0f5821ea0bc35c5b924b97fd,T1047,attack_technique,,0,T1047,,,0,,
8f0a46a32d4eb11db545e659c7a6dfb72ba1209d0f5821ea0bc35c5b924b97fd,T1053,attack_technique,,0,T1053,,,0,,
8f0a46a32d4eb11db545e659c7a6dfb72ba1209d0f5821ea0bc35c5b924b97fd,T1055,attack_technique,,0,T1055,,,0,,
8f0a46a32d4eb11db545e659c7a6dfb72ba1209d0f5821ea0bc35c5b924b97fd,T1056,attack_technique,,0,T1056,,,0,,
8f0a46a32d4eb11db545e659c7a6dfb72ba1209d0f5821ea0bc35c5b924b97fd,T1057,attack_technique,,0,T1057,,,0,,
8f0a46a32d4eb11db545e659c7a6dfb72ba1209d0f5821ea0bc35c5b924b97fd,T1070.006,attack_technique,,0,T1070.006,,,0,,
8f0a46a32d4eb11db545e659c7a6dfb72ba1209d0f5821ea0bc35c5b924b97fd,T1071,attack_technique,,0,T1071,,,0,,
8f0a46a32d4eb11db545e659c7a6dfb72ba1209d0f5821ea0bc35c5b924b97fd,T1082,attack_technique,,0,T1082,,,0,,
8f0a46a32d4eb11db545e659c7a6dfb72ba1209d0f5821ea0bc35c5b924b97fd,T1083,attack_technique,,0,T1083,,,0,,
8f0a46a32d4eb11db545e659c7a6dfb72ba1209d0f5821ea0bc35c5b924b97fd,T1095,attack_technique,,0,T1095,,,0,,
8f0a46a32d4eb11db545e659c7a6dfb72ba1209d0f5821ea0bc35c5b924b97fd,T1102,attack_technique,,0,T1102,,,0,,
8f0a46a32d4eb11db545e659c7a6dfb72ba1209d0f5821ea0bc35c5b924b97fd,T1105,attack_technique,,0,T1105,,,0,,
8f0a46a32d4eb11db545e659c7a6dfb72ba1209d0f5821ea0bc35c5b924b97fd,T1114,attack_technique,,0,T1114,,,0,,
8f0a46a32d4eb11db545e659c7a6dfb72ba1209d0f5821ea0bc35c5b924b97fd,T1497,attack_technique,,0,T1497,,,0,,
8f0a46a32d4eb11db545e659c7a6dfb72ba1209d0f5821ea0bc35c5b924b97fd,T1497.001,attack_technique,,0,T1497.001,,,0,,
8f0a46a32d4eb11db545e659c7a6dfb72ba1209d0f5821ea0bc35c5b924b97fd,T1518.001,attack_technique,,0,T1518.001,,,0,,
8f0a46a32d4eb11db545e659c7a6dfb72ba1209d0f5821ea0bc35c5b924b97fd,T1552.002,attack_technique,,0,T1552.002,,,0,,
8f0a46a32d4eb11db545e659c7a6dfb72ba1209d0f5821ea0bc35c5b924b97fd,T1562.001,attack_technique,,0,T1562.001,,,0,,
8f0a46a32d4eb11db545e659c7a6dfb72ba1209d0f5821ea0bc35c5b924b97fd,T1571,attack_technique,,0,T1571,,,0,,
8f0a46a32d4eb11db545e659c7a6dfb72ba1209d0f5821ea0bc35c5b924b97fd,T1573,attack_technique,,0,T1573,,,0,,
8f0a46a32d4eb11db545e659c7a6dfb72ba1209d0f5821ea0bc35c5b924b97fd,T1574.002,attack_technique,,0,T1574.002,,,0,,
936d8f2bb711d9f45a2e505f4c0e01d3294a2691a221be2d76e267bb5fce14fe,T1003,attack_technique,,0,T1003,,,0,,
936d8f2bb711d9f45a2e505f4c0e01d3294a2691a221be2d76e267bb5fce14fe,T1005,attack_technique,,0,T1005,,,0,,
936d8f2bb711d9f45a2e505f4c0e01d3294a2691a221be2d76e267bb5fce14fe,T1010,attack_technique,,0,T1010,,,0,,
936d8f2bb711d9f45a2e505f4c0e01d3294a2691a221be2d76e267bb5fce14fe,T1016,attack_technique,,0,T1016,,,0,,
936d8f2bb711d9f45a2e505f4c0e01d3294a2691a221be2d76e267bb5fce14fe,T1018,attack_technique,,0,T1018,,,0,,
936d8f2bb711d9f45a2e505f4c0e01d3294a2691a221be2d76e267bb5fce14fe,T1027,attack_technique,,0,T1027,,,0,,
936d8f2bb711d9f45a2e505f4c0e01d3294a2691a221be2d76e267bb5fce14fe,T1027.002,attack_technique,,0,T1027.002,,,0,,
936d8f2bb711d9f45a2e505f4c0e01d3294a2691a221be2d76e267bb5fce14fe,T1036,attack_technique,,0,T1036,,,0,,
936d8f2bb711d9f45a2e505f4c0e01d3294a2691a221be2d76e267bb5fce14fe,T1047,attack_technique,,0,T1047,,,0,,
936d8f2bb711d9f45a2e505f4c0e01d3294a2691a221be2d76e267bb5fce14fe,T1053,attack_technique,,0,T1053,,,0,,
936d8f2bb711d9f45a2e505f4c0e01d3294a2691a221be2d76e267bb5fce14fe,T1055,attack_technique,,0,T1055,Injects a PE file into a foreign processes,1,1,virustotal_behavior,canonical_trace
936d8f2bb711d9f45a2e505f4c0e01d3294a2691a221be2d76e267bb5fce14fe,T1056,attack_technique,,0,T1056,,,0,,
936d8f2bb711d9f45a2e505f4c0e01d3294a2691a221be2d76e267bb5fce14fe,T1057,attack_technique,,0,T1057,,,0,,
936d8f2bb711d9f45a2e505f4c0e01d3294a2691a221be2d76e267bb5fce14fe,T1070.006,attack_technique,,0,T1070.006,,,0,,
936d8f2bb711d9f45a2e505f4c0e01d3294a2691a221be2d76e267bb5fce14fe,T1071,attack_technique,,0,T1071,,,0,,
936d8f2bb711d9f45a2e505f4c0e01d3294a2691a221be2d76e267bb5fce14fe,T1082,attack_technique,,0,T1082,"Queries the volume information (name, serial number etc) of a device",1,1,virustotal_behavior,canonical_trace
936d8f2bb711d9f45a2e505f4c0e01d3294a2691a221be2d76e267bb5fce14fe,T1083,attack_technique,,0,T1083,,,0,,
936d8f2bb711d9f45a2e505f4c0e01d3294a2691a221be2d76e267bb5fce14fe,T1095,attack_technique,,0,T1095,,,0,,
936d8f2bb711d9f45a2e505f4c0e01d3294a2691a221be2d76e267bb5fce14fe,T1102,attack_technique,,0,T1102,,,0,,
936d8f2bb711d9f45a2e505f4c0e01d3294a2691a221be2d76e267bb5fce14fe,T1105,attack_technique,,0,T1105,,,0,,
936d8f2bb711d9f45a2e505f4c0e01d3294a2691a221be2d76e267bb5fce14fe,T1114,attack_technique,,0,T1114,,,0,,
936d8f2bb711d9f45a2e505f4c0e01d3294a2691a221be2d76e267bb5fce14fe,T1497,attack_technique,,0,T1497,"Queries sensitive Operating System Information (via WMI, Win32_ComputerSystem, often done to detect virtual machines)",1,1,virustotal_behavior,canonical_trace
936d8f2bb711d9f45a2e505f4c0e01d3294a2691a221be2d76e267bb5fce14fe,T1497.001,attack_technique,,0,T1497.001,,,0,,
936d8f2bb711d9f45a2e505f4c0e01d3294a2691a221be2d76e267bb5fce14fe,T1518.001,attack_technique,,0,T1518.001,"Queries sensitive Operating System Information (via WMI, Win32_ComputerSystem, often done to detect virtual machines)",1,1,virustotal_behavior,canonical_trace
936d8f2bb711d9f45a2e505f4c0e01d3294a2691a221be2d76e267bb5fce14fe,T1552.002,attack_technique,,0,T1552.002,,,0,,
936d8f2bb711d9f45a2e505f4c0e01d3294a2691a221be2d76e267bb5fce14fe,T1562.001,attack_technique,,0,T1562.001,,,0,,
936d8f2bb711d9f45a2e505f4c0e01d3294a2691a221be2d76e267bb5fce14fe,T1571,attack_technique,,0,T1571,,,0,,
936d8f2bb711d9f45a2e505f4c0e01d3294a2691a221be2d76e267bb5fce14fe,T1573,attack_technique,,0,T1573,,,0,,
936d8f2bb711d9f45a2e505f4c0e01d3294a2691a221be2d76e267bb5fce14fe,T1574.002,attack_technique,,0,T1574.002,,,0,,
a044806301a025bb0a6413e0ceb6efb33d20447b11c12206392c3d515fc17cf1,T1003,attack_technique,,0,T1003,,,0,,
a044806301a025bb0a6413e0ceb6efb33d20447b11c12206392c3d515fc17cf1,T1005,attack_technique,,0,T1005,,,0,,
a044806301a025bb0a6413e0ceb6efb33d20447b11c12206392c3d515fc17cf1,T1010,attack_technique,,0,T1010,,,0,,
a044806301a025bb0a6413e0ceb6efb33d20447b11c12206392c3d515fc17cf1,T1016,attack_technique,,0,T1016,,,0,,
a044806301a025bb0a6413e0ceb6efb33d20447b11c12206392c3d515fc17cf1,T1018,attack_technique,,0,T1018,,,0,,
a044806301a025bb0a6413e0ceb6efb33d20447b11c12206392c3d515fc17cf1,T1027,attack_technique,,0,T1027,,,0,,
a044806301a025bb0a6413e0ceb6efb33d20447b11c12206392c3d515fc17cf1,T1027.002,attack_technique,,0,T1027.002,,,0,,
a044806301a025bb0a6413e0ceb6efb33d20447b11c12206392c3d515fc17cf1,T1036,attack_technique,,0,T1036,,,0,,
a044806301a025bb0a6413e0ceb6efb33d20447b11c12206392c3d515fc17cf1,T1047,attack_technique,,0,T1047,,,0,,
a044806301a025bb0a6413e0ceb6efb33d20447b11c12206392c3d515fc17cf1,T1053,attack_technique,,0,T1053,,,0,,
a044806301a025bb0a6413e0ceb6efb33d20447b11c12206392c3d515fc17cf1,T1055,attack_technique,,0,T1055,,,0,,
a044806301a025bb0a6413e0ceb6efb33d20447b11c12206392c3d515fc17cf1,T1056,attack_technique,,0,T1056,,,0,,
a044806301a025bb0a6413e0ceb6efb33d20447b11c12206392c3d515fc17cf1,T1057,attack_technique,,0,T1057,,,0,,
a044806301a025bb0a6413e0ceb6efb33d20447b11c12206392c3d515fc17cf1,T1070.006,attack_technique,,0,T1070.006,,,0,,
a044806301a025bb0a6413e0ceb6efb33d20447b11c12206392c3d515fc17cf1,T1071,attack_technique,,0,T1071,,,0,,
a044806301a025bb0a6413e0ceb6efb33d20447b11c12206392c3d515fc17cf1,T1082,attack_technique,,0,T1082,,,0,,
a044806301a025bb0a6413e0ceb6efb33d20447b11c12206392c3d515fc17cf1,T1083,attack_technique,,0,T1083,,,0,,
a044806301a025bb0a6413e0ceb6efb33d20447b11c12206392c3d515fc17cf1,T1095,attack_technique,,0,T1095,,,0,,
a044806301a025bb0a6413e0ceb6efb33d20447b11c12206392c3d515fc17cf1,T1102,attack_technique,,0,T1102,,,0,,
a044806301a025bb0a6413e0ceb6efb33d20447b11c12206392c3d515fc17cf1,T1105,attack_technique,,0,T1105,,,0,,
a044806301a025bb0a6413e0ceb6efb33d20447b11c12206392c3d515fc17cf1,T1114,attack_technique,,0,T1114,,,0,,
a044806301a025bb0a6413e0ceb6efb33d20447b11c12206392c3d515fc17cf1,T1497,attack_technique,,0,T1497,,,0,,
a044806301a025bb0a6413e0ceb6efb33d20447b11c12206392c3d515fc17cf1,T1497.001,attack_technique,,0,T1497.001,,,0,,
a044806301a025bb0a6413e0ceb6efb33d20447b11c12206392c3d515fc17cf1,T1518.001,attack_technique,,0,T1518.001,,,0,,
a044806301a025bb0a6413e0ceb6efb33d20447b11c12206392c3d515fc17cf1,T1552.002,attack_technique,,0,T1552.002,,,0,,
a044806301a025bb0a6413e0ceb6efb33d20447b11c12206392c3d515fc17cf1,T1562.001,attack_technique,,0,T1562.001,,,0,,
a044806301a025bb0a6413e0ceb6efb33d20447b11c12206392c3d515fc17cf1,T1571,attack_technique,,0,T1571,,,0,,
a044806301a025bb0a6413e0ceb6efb33d20447b11c12206392c3d515fc17cf1,T1573,attack_technique,,0,T1573,,,0,,
a044806301a025bb0a6413e0ceb6efb33d20447b11c12206392c3d515fc17cf1,T1574.002,attack_technique,,0,T1574.002,,,0,,
ace3a3c44e2557f88036c4d9b4cc35a0beab59570eeb00df4c9de9d390010091,T1003,attack_technique,,0,T1003,,,0,,
ace3a3c44e2557f88036c4d9b4cc35a0beab59570eeb00df4c9de9d390010091,T1005,attack_technique,,0,T1005,,,0,,
ace3a3c44e2557f88036c4d9b4cc35a0beab59570eeb00df4c9de9d390010091,T1010,attack_technique,,0,T1010,,,0,,
ace3a3c44e2557f88036c4d9b4cc35a0beab59570eeb00df4c9de9d390010091,T1016,attack_technique,,0,T1016,,,0,,
ace3a3c44e2557f88036c4d9b4cc35a0beab59570eeb00df4c9de9d390010091,T1018,attack_technique,,0,T1018,,,0,,
ace3a3c44e2557f88036c4d9b4cc35a0beab59570eeb00df4c9de9d390010091,T1027,attack_technique,,0,T1027,,,0,,
ace3a3c44e2557f88036c4d9b4cc35a0beab59570eeb00df4c9de9d390010091,T1027.002,attack_technique,,0,T1027.002,,,0,,
ace3a3c44e2557f88036c4d9b4cc35a0beab59570eeb00df4c9de9d390010091,T1036,attack_technique,,0,T1036,,,0,,
ace3a3c44e2557f88036c4d9b4cc35a0beab59570eeb00df4c9de9d390010091,T1047,attack_technique,,0,T1047,,,0,,
ace3a3c44e2557f88036c4d9b4cc35a0beab59570eeb00df4c9de9d390010091,T1053,attack_technique,,0,T1053,,,0,,
ace3a3c44e2557f88036c4d9b4cc35a0beab59570eeb00df4c9de9d390010091,T1055,attack_technique,,0,T1055,,,0,,
ace3a3c44e2557f88036c4d9b4cc35a0beab59570eeb00df4c9de9d390010091,T1056,attack_technique,,0,T1056,,,0,,
ace3a3c44e2557f88036c4d9b4cc35a0beab59570eeb00df4c9de9d390010091,T1057,attack_technique,,0,T1057,,,0,,
ace3a3c44e2557f88036c4d9b4cc35a0beab59570eeb00df4c9de9d390010091,T1070.006,attack_technique,,0,T1070.006,,,0,,
ace3a3c44e2557f88036c4d9b4cc35a0beab59570eeb00df4c9de9d390010091,T1071,attack_technique,,0,T1071,,,0,,
ace3a3c44e2557f88036c4d9b4cc35a0beab59570eeb00df4c9de9d390010091,T1082,attack_technique,,0,T1082,,,0,,
ace3a3c44e2557f88036c4d9b4cc35a0beab59570eeb00df4c9de9d390010091,T1083,attack_technique,,0,T1083,,,0,,
ace3a3c44e2557f88036c4d9b4cc35a0beab59570eeb00df4c9de9d390010091,T1095,attack_technique,,0,T1095,,,0,,
ace3a3c44e2557f88036c4d9b4cc35a0beab59570eeb00df4c9de9d390010091,T1102,attack_technique,,0,T1102,,,0,,
ace3a3c44e2557f88036c4d9b4cc35a0beab59570eeb00df4c9de9d390010091,T1105,attack_technique,,0,T1105,,,0,,
ace3a3c44e2557f88036c4d9b4cc35a0beab59570eeb00df4c9de9d390010091,T1114,attack_technique,,0,T1114,,,0,,
ace3a3c44e2557f88036c4d9b4cc35a0beab59570eeb00df4c9de9d390010091,T1497,attack_technique,,0,T1497,,,0,,
ace3a3c44e2557f88036c4d9b4cc35a0beab59570eeb00df4c9de9d390010091,T1497.001,attack_technique,,0,T1497.001,,,0,,
ace3a3c44e2557f88036c4d9b4cc35a0beab59570eeb00df4c9de9d390010091,T1518.001,attack_technique,,0,T1518.001,,,0,,
ace3a3c44e2557f88036c4d9b4cc35a0beab59570eeb00df4c9de9d390010091,T1552.002,attack_technique,,0,T1552.002,,,0,,
ace3a3c44e2557f88036c4d9b4cc35a0beab59570eeb00df4c9de9d390010091,T1562.001,attack_technique,,0,T1562.001,,,0,,
ace3a3c44e2557f88036c4d9b4cc35a0beab59570eeb00df4c9de9d390010091,T1571,attack_technique,,0,T1571,,,0,,
ace3a3c44e2557f88036c4d9b4cc35a0beab59570eeb00df4c9de9d390010091,T1573,attack_technique,,0,T1573,,,0,,
ace3a3c44e2557f88036c4d9b4cc35a0beab59570eeb00df4c9de9d390010091,T1574.002,attack_technique,,0,T1574.002,,,0,,
ad10060d928e8d2c3b99ab42d4520ed1a24f1354730dcee6f0173ffac74099a3,T1003,attack_technique,,0,T1003,,,0,,
ad10060d928e8d2c3b99ab42d4520ed1a24f1354730dcee6f0173ffac74099a3,T1005,attack_technique,,0,T1005,,,0,,
ad10060d928e8d2c3b99ab42d4520ed1a24f1354730dcee6f0173ffac74099a3,T1010,attack_technique,,0,T1010,,,0,,
ad10060d928e8d2c3b99ab42d4520ed1a24f1354730dcee6f0173ffac74099a3,T1016,attack_technique,,0,T1016,,,0,,
ad10060d928e8d2c3b99ab42d4520ed1a24f1354730dcee6f0173ffac74099a3,T1018,attack_technique,,0,T1018,,,0,,
ad10060d928e8d2c3b99ab42d4520ed1a24f1354730dcee6f0173ffac74099a3,T1027,attack_technique,,0,T1027,,,0,,
ad10060d928e8d2c3b99ab42d4520ed1a24f1354730dcee6f0173ffac74099a3,T1027.002,attack_technique,,0,T1027.002,,,0,,
ad10060d928e8d2c3b99ab42d4520ed1a24f1354730dcee6f0173ffac74099a3,T1036,attack_technique,,0,T1036,,,0,,
ad10060d928e8d2c3b99ab42d4520ed1a24f1354730dcee6f0173ffac74099a3,T1047,attack_technique,,0,T1047,,,0,,
ad10060d928e8d2c3b99ab42d4520ed1a24f1354730dcee6f0173ffac74099a3,T1053,attack_technique,,0,T1053,,,0,,
ad10060d928e8d2c3b99ab42d4520ed1a24f1354730dcee6f0173ffac74099a3,T1055,attack_technique,,0,T1055,,,0,,
ad10060d928e8d2c3b99ab42d4520ed1a24f1354730dcee6f0173ffac74099a3,T1056,attack_technique,,0,T1056,,,0,,
ad10060d928e8d2c3b99ab42d4520ed1a24f1354730dcee6f0173ffac74099a3,T1057,attack_technique,,0,T1057,,,0,,
ad10060d928e8d2c3b99ab42d4520ed1a24f1354730dcee6f0173ffac74099a3,T1070.006,attack_technique,,0,T1070.006,,,0,,
ad10060d928e8d2c3b99ab42d4520ed1a24f1354730dcee6f0173ffac74099a3,T1071,attack_technique,,0,T1071,,,0,,
ad10060d928e8d2c3b99ab42d4520ed1a24f1354730dcee6f0173ffac74099a3,T1082,attack_technique,,0,T1082,,,0,,
ad10060d928e8d2c3b99ab42d4520ed1a24f1354730dcee6f0173ffac74099a3,T1083,attack_technique,,0,T1083,,,0,,
ad10060d928e8d2c3b99ab42d4520ed1a24f1354730dcee6f0173ffac74099a3,T1095,attack_technique,,0,T1095,,,0,,
ad10060d928e8d2c3b99ab42d4520ed1a24f1354730dcee6f0173ffac74099a3,T1102,attack_technique,,0,T1102,,,0,,
ad10060d928e8d2c3b99ab42d4520ed1a24f1354730dcee6f0173ffac74099a3,T1105,attack_technique,,0,T1105,,,0,,
ad10060d928e8d2c3b99ab42d4520ed1a24f1354730dcee6f0173ffac74099a3,T1114,attack_technique,,0,T1114,,,0,,
ad10060d928e8d2c3b99ab42d4520ed1a24f1354730dcee6f0173ffac74099a3,T1497,attack_technique,,0,T1497,,,0,,
ad10060d928e8d2c3b99ab42d4520ed1a24f1354730dcee6f0173ffac74099a3,T1497.001,attack_technique,,0,T1497.001,,,0,,
ad10060d928e8d2c3b99ab42d4520ed1a24f1354730dcee6f0173ffac74099a3,T1518.001,attack_technique,,0,T1518.001,,,0,,
ad10060d928e8d2c3b99ab42d4520ed1a24f1354730dcee6f0173ffac74099a3,T1552.002,attack_technique,,0,T1552.002,,,0,,
ad10060d928e8d2c3b99ab42d4520ed1a24f1354730dcee6f0173ffac74099a3,T1562.001,attack_technique,,0,T1562.001,,,0,,
ad10060d928e8d2c3b99ab42d4520ed1a24f1354730dcee6f0173ffac74099a3,T1571,attack_technique,,0,T1571,,,0,,
ad10060d928e8d2c3b99ab42d4520ed1a24f1354730dcee6f0173ffac74099a3,T1573,attack_technique,,0,T1573,,,0,,
ad10060d928e8d2c3b99ab42d4520ed1a24f1354730dcee6f0173ffac74099a3,T1574.002,attack_technique,,0,T1574.002,,,0,,
c1bccceed89719565ec7d1399c96bcb0f36975269b3f60a3c63c9ae98da46980,T1003,attack_technique,,0,T1003,,,0,,
c1bccceed89719565ec7d1399c96bcb0f36975269b3f60a3c63c9ae98da46980,T1005,attack_technique,,0,T1005,,,0,,
c1bccceed89719565ec7d1399c96bcb0f36975269b3f60a3c63c9ae98da46980,T1010,attack_technique,,0,T1010,,,0,,
c1bccceed89719565ec7d1399c96bcb0f36975269b3f60a3c63c9ae98da46980,T1016,attack_technique,,0,T1016,,,0,,
c1bccceed89719565ec7d1399c96bcb0f36975269b3f60a3c63c9ae98da46980,T1018,attack_technique,,0,T1018,,,0,,
c1bccceed89719565ec7d1399c96bcb0f36975269b3f60a3c63c9ae98da46980,T1027,attack_technique,,0,T1027,,,0,,
c1bccceed89719565ec7d1399c96bcb0f36975269b3f60a3c63c9ae98da46980,T1027.002,attack_technique,,0,T1027.002,,,0,,
c1bccceed89719565ec7d1399c96bcb0f36975269b3f60a3c63c9ae98da46980,T1036,attack_technique,,0,T1036,,,0,,
c1bccceed89719565ec7d1399c96bcb0f36975269b3f60a3c63c9ae98da46980,T1047,attack_technique,,0,T1047,,,0,,
c1bccceed89719565ec7d1399c96bcb0f36975269b3f60a3c63c9ae98da46980,T1053,attack_technique,,0,T1053,,,0,,
c1bccceed89719565ec7d1399c96bcb0f36975269b3f60a3c63c9ae98da46980,T1055,attack_technique,,0,T1055,,,0,,
c1bccceed89719565ec7d1399c96bcb0f36975269b3f60a3c63c9ae98da46980,T1056,attack_technique,,0,T1056,,,0,,
c1bccceed89719565ec7d1399c96bcb0f36975269b3f60a3c63c9ae98da46980,T1057,attack_technique,,0,T1057,,,0,,
c1bccceed89719565ec7d1399c96bcb0f36975269b3f60a3c63c9ae98da46980,T1070.006,attack_technique,,0,T1070.006,,,0,,
c1bccceed89719565ec7d1399c96bcb0f36975269b3f60a3c63c9ae98da46980,T1071,attack_technique,,0,T1071,,,0,,
c1bccceed89719565ec7d1399c96bcb0f36975269b3f60a3c63c9ae98da46980,T1082,attack_technique,,0,T1082,,,0,,
c1bccceed89719565ec7d1399c96bcb0f36975269b3f60a3c63c9ae98da46980,T1083,attack_technique,,0,T1083,,,0,,
c1bccceed89719565ec7d1399c96bcb0f36975269b3f60a3c63c9ae98da46980,T1095,attack_technique,,0,T1095,,,0,,
c1bccceed89719565ec7d1399c96bcb0f36975269b3f60a3c63c9ae98da46980,T1102,attack_technique,,0,T1102,,,0,,
c1bccceed89719565ec7d1399c96bcb0f36975269b3f60a3c63c9ae98da46980,T1105,attack_technique,,0,T1105,,,0,,
c1bccceed89719565ec7d1399c96bcb0f36975269b3f60a3c63c9ae98da46980,T1114,attack_technique,,0,T1114,,,0,,
c1bccceed89719565ec7d1399c96bcb0f36975269b3f60a3c63c9ae98da46980,T1497,attack_technique,,0,T1497,,,0,,
c1bccceed89719565ec7d1399c96bcb0f36975269b3f60a3c63c9ae98da46980,T1497.001,attack_technique,,0,T1497.001,,,0,,
c1bccceed89719565ec7d1399c96bcb0f36975269b3f60a3c63c9ae98da46980,T1518.001,attack_technique,,0,T1518.001,,,0,,
c1bccceed89719565ec7d1399c96bcb0f36975269b3f60a3c63c9ae98da46980,T1552.002,attack_technique,,0,T1552.002,,,0,,
c1bccceed89719565ec7d1399c96bcb0f36975269b3f60a3c63c9ae98da46980,T1562.001,attack_technique,,0,T1562.001,,,0,,
c1bccceed89719565ec7d1399c96bcb0f36975269b3f60a3c63c9ae98da46980,T1571,attack_technique,,0,T1571,,,0,,
c1bccceed89719565ec7d1399c96bcb0f36975269b3f60a3c63c9ae98da46980,T1573,attack_technique,,0,T1573,,,0,,
c1bccceed89719565ec7d1399c96bcb0f36975269b3f60a3c63c9ae98da46980,T1574.002,attack_technique,,0,T1574.002,,,0,,
c3181ab6827f9eb95dd6b5e680e5b0088d1254d4f36b2d03413f8c0b2151d0d5,T1003,attack_technique,,0,T1003,,,0,,
c3181ab6827f9eb95dd6b5e680e5b0088d1254d4f36b2d03413f8c0b2151d0d5,T1005,attack_technique,,0,T1005,,,0,,
c3181ab6827f9eb95dd6b5e680e5b0088d1254d4f36b2d03413f8c0b2151d0d5,T1010,attack_technique,,0,T1010,,,0,,
c3181ab6827f9eb95dd6b5e680e5b0088d1254d4f36b2d03413f8c0b2151d0d5,T1016,attack_technique,,0,T1016,,,0,,
c3181ab6827f9eb95dd6b5e680e5b0088d1254d4f36b2d03413f8c0b2151d0d5,T1018,attack_technique,,0,T1018,,,0,,
c3181ab6827f9eb95dd6b5e680e5b0088d1254d4f36b2d03413f8c0b2151d0d5,T1027,attack_technique,,0,T1027,,,0,,
c3181ab6827f9eb95dd6b5e680e5b0088d1254d4f36b2d03413f8c0b2151d0d5,T1027.002,attack_technique,,0,T1027.002,,,0,,
c3181ab6827f9eb95dd6b5e680e5b0088d1254d4f36b2d03413f8c0b2151d0d5,T1036,attack_technique,,0,T1036,,,0,,
c3181ab6827f9eb95dd6b5e680e5b0088d1254d4f36b2d03413f8c0b2151d0d5,T1047,attack_technique,,0,T1047,,,0,,
c3181ab6827f9eb95dd6b5e680e5b0088d1254d4f36b2d03413f8c0b2151d0d5,T1053,attack_technique,,0,T1053,,,0,,
c3181ab6827f9eb95dd6b5e680e5b0088d1254d4f36b2d03413f8c0b2151d0d5,T1055,attack_technique,,0,T1055,,,0,,
c3181ab6827f9eb95dd6b5e680e5b0088d1254d4f36b2d03413f8c0b2151d0d5,T1056,attack_technique,,0,T1056,,,0,,
c3181ab6827f9eb95dd6b5e680e5b0088d1254d4f36b2d03413f8c0b2151d0d5,T1057,attack_technique,,0,T1057,,,0,,
c3181ab6827f9eb95dd6b5e680e5b0088d1254d4f36b2d03413f8c0b2151d0d5,T1070.006,attack_technique,,0,T1070.006,,,0,,
c3181ab6827f9eb95dd6b5e680e5b0088d1254d4f36b2d03413f8c0b2151d0d5,T1071,attack_technique,,0,T1071,,,0,,
c3181ab6827f9eb95dd6b5e680e5b0088d1254d4f36b2d03413f8c0b2151d0d5,T1082,attack_technique,,0,T1082,"Queries the volume information (name, serial number etc) of a device",1,1,virustotal_behavior,canonical_trace
c3181ab6827f9eb95dd6b5e680e5b0088d1254d4f36b2d03413f8c0b2151d0d5,T1083,attack_technique,,0,T1083,,,0,,
c3181ab6827f9eb95dd6b5e680e5b0088d1254d4f36b2d03413f8c0b2151d0d5,T1095,attack_technique,,0,T1095,,,0,,
c3181ab6827f9eb95dd6b5e680e5b0088d1254d4f36b2d03413f8c0b2151d0d5,T1102,attack_technique,,0,T1102,,,0,,
c3181ab6827f9eb95dd6b5e680e5b0088d1254d4f36b2d03413f8c0b2151d0d5,T1105,attack_technique,,0,T1105,,,0,,
c3181ab6827f9eb95dd6b5e680e5b0088d1254d4f36b2d03413f8c0b2151d0d5,T1114,attack_technique,,0,T1114,,,0,,
c3181ab6827f9eb95dd6b5e680e5b0088d1254d4f36b2d03413f8c0b2151d0d5,T1497,attack_technique,,0,T1497,"Queries sensitive Operating System Information (via WMI, Win32_ComputerSystem, often done to detect virtual machines)",1,1,virustotal_behavior,canonical_trace
c3181ab6827f9eb95dd6b5e680e5b0088d1254d4f36b2d03413f8c0b2151d0d5,T1497.001,attack_technique,,0,T1497.001,,,0,,
c3181ab6827f9eb95dd6b5e680e5b0088d1254d4f36b2d03413f8c0b2151d0d5,T1518.001,attack_technique,,0,T1518.001,"Queries sensitive Operating System Information (via WMI, Win32_ComputerSystem, often done to detect virtual machines)",1,1,virustotal_behavior,canonical_trace
c3181ab6827f9eb95dd6b5e680e5b0088d1254d4f36b2d03413f8c0b2151d0d5,T1552.002,attack_technique,,0,T1552.002,,,0,,
c3181ab6827f9eb95dd6b5e680e5b0088d1254d4f36b2d03413f8c0b2151d0d5,T1562.001,attack_technique,,0,T1562.001,"Creates guard pages, often used to prevent reverse engineering and debugging",1,1,virustotal_behavior,canonical_trace
c3181ab6827f9eb95dd6b5e680e5b0088d1254d4f36b2d03413f8c0b2151d0d5,T1571,attack_technique,,0,T1571,,,0,,
c3181ab6827f9eb95dd6b5e680e5b0088d1254d4f36b2d03413f8c0b2151d0d5,T1573,attack_technique,,0,T1573,,,0,,
c3181ab6827f9eb95dd6b5e680e5b0088d1254d4f36b2d03413f8c0b2151d0d5,T1574.002,attack_technique,,0,T1574.002,Tries to load missing DLLs,1,1,virustotal_behavior,canonical_trace
d053d0ad9127e452ae82fcab81216fa0f754af85350714c0684aa3bb0180a3cc,T1003,attack_technique,,0,T1003,,,0,,
d053d0ad9127e452ae82fcab81216fa0f754af85350714c0684aa3bb0180a3cc,T1005,attack_technique,,0,T1005,,,0,,
d053d0ad9127e452ae82fcab81216fa0f754af85350714c0684aa3bb0180a3cc,T1010,attack_technique,,0,T1010,,,0,,
d053d0ad9127e452ae82fcab81216fa0f754af85350714c0684aa3bb0180a3cc,T1016,attack_technique,,0,T1016,,,0,,
d053d0ad9127e452ae82fcab81216fa0f754af85350714c0684aa3bb0180a3cc,T1018,attack_technique,,0,T1018,Reads the hosts file,1,1,virustotal_behavior,canonical_trace
d053d0ad9127e452ae82fcab81216fa0f754af85350714c0684aa3bb0180a3cc,T1027,attack_technique,,0,T1027,,,0,,
d053d0ad9127e452ae82fcab81216fa0f754af85350714c0684aa3bb0180a3cc,T1027.002,attack_technique,,0,T1027.002,,,0,,
d053d0ad9127e452ae82fcab81216fa0f754af85350714c0684aa3bb0180a3cc,T1036,attack_technique,,0,T1036,Creates files inside the user directory,1,1,virustotal_behavior,canonical_trace
d053d0ad9127e452ae82fcab81216fa0f754af85350714c0684aa3bb0180a3cc,T1047,attack_technique,,0,T1047,"Queries sensitive Operating System Information (via WMI, Win32_ComputerSystem, often done to detect virtual machines)",1,1,virustotal_behavior,canonical_trace
d053d0ad9127e452ae82fcab81216fa0f754af85350714c0684aa3bb0180a3cc,T1053,attack_technique,,0,T1053,,,0,,
d053d0ad9127e452ae82fcab81216fa0f754af85350714c0684aa3bb0180a3cc,T1055,attack_technique,,0,T1055,,,0,,
d053d0ad9127e452ae82fcab81216fa0f754af85350714c0684aa3bb0180a3cc,T1056,attack_technique,,0,T1056,,,0,,
d053d0ad9127e452ae82fcab81216fa0f754af85350714c0684aa3bb0180a3cc,T1057,attack_technique,,0,T1057,Queries a list of all running processes,1,1,virustotal_behavior,canonical_trace
d053d0ad9127e452ae82fcab81216fa0f754af85350714c0684aa3bb0180a3cc,T1070.006,attack_technique,,0,T1070.006,,,0,,
d053d0ad9127e452ae82fcab81216fa0f754af85350714c0684aa3bb0180a3cc,T1071,attack_technique,,0,T1071,Posts data to webserver,1,1,virustotal_behavior,canonical_trace
d053d0ad9127e452ae82fcab81216fa0f754af85350714c0684aa3bb0180a3cc,T1082,attack_technique,,0,T1082,"Queries the volume information (name, serial number etc) of a device",1,1,virustotal_behavior,canonical_trace
d053d0ad9127e452ae82fcab81216fa0f754af85350714c0684aa3bb0180a3cc,T1083,attack_technique,,0,T1083,Reads ini files,1,1,virustotal_behavior,canonical_trace
d053d0ad9127e452ae82fcab81216fa0f754af85350714c0684aa3bb0180a3cc,T1095,attack_technique,,0,T1095,Posts data to webserver,1,1,virustotal_behavior,canonical_trace
d053d0ad9127e452ae82fcab81216fa0f754af85350714c0684aa3bb0180a3cc,T1102,attack_technique,,0,T1102,,,0,,
d053d0ad9127e452ae82fcab81216fa0f754af85350714c0684aa3bb0180a3cc,T1105,attack_technique,,0,T1105,Downloads files from webservers via HTTP,1,1,virustotal_behavior,canonical_trace
d053d0ad9127e452ae82fcab81216fa0f754af85350714c0684aa3bb0180a3cc,T1114,attack_technique,,0,T1114,,,0,,
d053d0ad9127e452ae82fcab81216fa0f754af85350714c0684aa3bb0180a3cc,T1497,attack_technique,,0,T1497,"Queries sensitive Operating System Information (via WMI, Win32_ComputerSystem, often done to detect virtual machines)",1,1,virustotal_behavior,canonical_trace
d053d0ad9127e452ae82fcab81216fa0f754af85350714c0684aa3bb0180a3cc,T1497.001,attack_technique,,0,T1497.001,,,0,,
d053d0ad9127e452ae82fcab81216fa0f754af85350714c0684aa3bb0180a3cc,T1518.001,attack_technique,,0,T1518.001,"Queries sensitive Operating System Information (via WMI, Win32_ComputerSystem, often done to detect virtual machines)",1,1,virustotal_behavior,canonical_trace
d053d0ad9127e452ae82fcab81216fa0f754af85350714c0684aa3bb0180a3cc,T1552.002,attack_technique,,0,T1552.002,,,0,,
d053d0ad9127e452ae82fcab81216fa0f754af85350714c0684aa3bb0180a3cc,T1562.001,attack_technique,,0,T1562.001,,,0,,
d053d0ad9127e452ae82fcab81216fa0f754af85350714c0684aa3bb0180a3cc,T1571,attack_technique,,0,T1571,,,0,,
d053d0ad9127e452ae82fcab81216fa0f754af85350714c0684aa3bb0180a3cc,T1573,attack_technique,,0,T1573,,,0,,
d053d0ad9127e452ae82fcab81216fa0f754af85350714c0684aa3bb0180a3cc,T1574.002,attack_technique,,0,T1574.002,Tries to load missing DLLs,1,1,virustotal_behavior,canonical_trace
d694d6ebf7303ddbb8df69f2da592802645eab4a406224e03234e184174ff3b3,T1003,attack_technique,,0,T1003,,,0,,
d694d6ebf7303ddbb8df69f2da592802645eab4a406224e03234e184174ff3b3,T1005,attack_technique,,0,T1005,,,0,,
d694d6ebf7303ddbb8df69f2da592802645eab4a406224e03234e184174ff3b3,T1010,attack_technique,,0,T1010,,,0,,
d694d6ebf7303ddbb8df69f2da592802645eab4a406224e03234e184174ff3b3,T1016,attack_technique,,0,T1016,,,0,,
d694d6ebf7303ddbb8df69f2da592802645eab4a406224e03234e184174ff3b3,T1018,attack_technique,,0,T1018,,,0,,
d694d6ebf7303ddbb8df69f2da592802645eab4a406224e03234e184174ff3b3,T1027,attack_technique,,0,T1027,,,0,,
d694d6ebf7303ddbb8df69f2da592802645eab4a406224e03234e184174ff3b3,T1027.002,attack_technique,,0,T1027.002,,,0,,
d694d6ebf7303ddbb8df69f2da592802645eab4a406224e03234e184174ff3b3,T1036,attack_technique,,0,T1036,,,0,,
d694d6ebf7303ddbb8df69f2da592802645eab4a406224e03234e184174ff3b3,T1047,attack_technique,,0,T1047,,,0,,
d694d6ebf7303ddbb8df69f2da592802645eab4a406224e03234e184174ff3b3,T1053,attack_technique,,0,T1053,,,0,,
d694d6ebf7303ddbb8df69f2da592802645eab4a406224e03234e184174ff3b3,T1055,attack_technique,,0,T1055,,,0,,
d694d6ebf7303ddbb8df69f2da592802645eab4a406224e03234e184174ff3b3,T1056,attack_technique,,0,T1056,,,0,,
d694d6ebf7303ddbb8df69f2da592802645eab4a406224e03234e184174ff3b3,T1057,attack_technique,,0,T1057,,,0,,
d694d6ebf7303ddbb8df69f2da592802645eab4a406224e03234e184174ff3b3,T1070.006,attack_technique,,0,T1070.006,,,0,,
d694d6ebf7303ddbb8df69f2da592802645eab4a406224e03234e184174ff3b3,T1071,attack_technique,,0,T1071,,,0,,
d694d6ebf7303ddbb8df69f2da592802645eab4a406224e03234e184174ff3b3,T1082,attack_technique,,0,T1082,,,0,,
d694d6ebf7303ddbb8df69f2da592802645eab4a406224e03234e184174ff3b3,T1083,attack_technique,,0,T1083,,,0,,
d694d6ebf7303ddbb8df69f2da592802645eab4a406224e03234e184174ff3b3,T1095,attack_technique,,0,T1095,,,0,,
d694d6ebf7303ddbb8df69f2da592802645eab4a406224e03234e184174ff3b3,T1102,attack_technique,,0,T1102,,,0,,
d694d6ebf7303ddbb8df69f2da592802645eab4a406224e03234e184174ff3b3,T1105,attack_technique,,0,T1105,,,0,,
d694d6ebf7303ddbb8df69f2da592802645eab4a406224e03234e184174ff3b3,T1114,attack_technique,,0,T1114,,,0,,
d694d6ebf7303ddbb8df69f2da592802645eab4a406224e03234e184174ff3b3,T1497,attack_technique,,0,T1497,,,0,,
d694d6ebf7303ddbb8df69f2da592802645eab4a406224e03234e184174ff3b3,T1497.001,attack_technique,,0,T1497.001,,,0,,
d694d6ebf7303ddbb8df69f2da592802645eab4a406224e03234e184174ff3b3,T1518.001,attack_technique,,0,T1518.001,,,0,,
d694d6ebf7303ddbb8df69f2da592802645eab4a406224e03234e184174ff3b3,T1552.002,attack_technique,,0,T1552.002,,,0,,
d694d6ebf7303ddbb8df69f2da592802645eab4a406224e03234e184174ff3b3,T1562.001,attack_technique,,0,T1562.001,,,0,,
d694d6ebf7303ddbb8df69f2da592802645eab4a406224e03234e184174ff3b3,T1571,attack_technique,,0,T1571,,,0,,
d694d6ebf7303ddbb8df69f2da592802645eab4a406224e03234e184174ff3b3,T1573,attack_technique,,0,T1573,,,0,,
d694d6ebf7303ddbb8df69f2da592802645eab4a406224e03234e184174ff3b3,T1574.002,attack_technique,,0,T1574.002,,,0,,
da1067401569e7aac20c7c0be06f6005a6d3f27da8729fff6ca3549ff8a9fe3e,T1003,attack_technique,,0,T1003,,,0,,
da1067401569e7aac20c7c0be06f6005a6d3f27da8729fff6ca3549ff8a9fe3e,T1005,attack_technique,,0,T1005,,,0,,
da1067401569e7aac20c7c0be06f6005a6d3f27da8729fff6ca3549ff8a9fe3e,T1010,attack_technique,,0,T1010,,,0,,
da1067401569e7aac20c7c0be06f6005a6d3f27da8729fff6ca3549ff8a9fe3e,T1016,attack_technique,,0,T1016,,,0,,
da1067401569e7aac20c7c0be06f6005a6d3f27da8729fff6ca3549ff8a9fe3e,T1018,attack_technique,,0,T1018,,,0,,
da1067401569e7aac20c7c0be06f6005a6d3f27da8729fff6ca3549ff8a9fe3e,T1027,attack_technique,,0,T1027,,,0,,
da1067401569e7aac20c7c0be06f6005a6d3f27da8729fff6ca3549ff8a9fe3e,T1027.002,attack_technique,,0,T1027.002,,,0,,
da1067401569e7aac20c7c0be06f6005a6d3f27da8729fff6ca3549ff8a9fe3e,T1036,attack_technique,,0,T1036,,,0,,
da1067401569e7aac20c7c0be06f6005a6d3f27da8729fff6ca3549ff8a9fe3e,T1047,attack_technique,,0,T1047,,,0,,
da1067401569e7aac20c7c0be06f6005a6d3f27da8729fff6ca3549ff8a9fe3e,T1053,attack_technique,,0,T1053,,,0,,
da1067401569e7aac20c7c0be06f6005a6d3f27da8729fff6ca3549ff8a9fe3e,T1055,attack_technique,,0,T1055,,,0,,
da1067401569e7aac20c7c0be06f6005a6d3f27da8729fff6ca3549ff8a9fe3e,T1056,attack_technique,,0,T1056,,,0,,
da1067401569e7aac20c7c0be06f6005a6d3f27da8729fff6ca3549ff8a9fe3e,T1057,attack_technique,,0,T1057,,,0,,
da1067401569e7aac20c7c0be06f6005a6d3f27da8729fff6ca3549ff8a9fe3e,T1070.006,attack_technique,,0,T1070.006,,,0,,
da1067401569e7aac20c7c0be06f6005a6d3f27da8729fff6ca3549ff8a9fe3e,T1071,attack_technique,,0,T1071,,,0,,
da1067401569e7aac20c7c0be06f6005a6d3f27da8729fff6ca3549ff8a9fe3e,T1082,attack_technique,,0,T1082,,,0,,
da1067401569e7aac20c7c0be06f6005a6d3f27da8729fff6ca3549ff8a9fe3e,T1083,attack_technique,,0,T1083,,,0,,
da1067401569e7aac20c7c0be06f6005a6d3f27da8729fff6ca3549ff8a9fe3e,T1095,attack_technique,,0,T1095,,,0,,
da1067401569e7aac20c7c0be06f6005a6d3f27da8729fff6ca3549ff8a9fe3e,T1102,attack_technique,,0,T1102,,,0,,
da1067401569e7aac20c7c0be06f6005a6d3f27da8729fff6ca3549ff8a9fe3e,T1105,attack_technique,,0,T1105,,,0,,
da1067401569e7aac20c7c0be06f6005a6d3f27da8729fff6ca3549ff8a9fe3e,T1114,attack_technique,,0,T1114,,,0,,
da1067401569e7aac20c7c0be06f6005a6d3f27da8729fff6ca3549ff8a9fe3e,T1497,attack_technique,,0,T1497,,,0,,
da1067401569e7aac20c7c0be06f6005a6d3f27da8729fff6ca3549ff8a9fe3e,T1497.001,attack_technique,,0,T1497.001,,,0,,
da1067401569e7aac20c7c0be06f6005a6d3f27da8729fff6ca3549ff8a9fe3e,T1518.001,attack_technique,,0,T1518.001,,,0,,
da1067401569e7aac20c7c0be06f6005a6d3f27da8729fff6ca3549ff8a9fe3e,T1552.002,attack_technique,,0,T1552.002,,,0,,
da1067401569e7aac20c7c0be06f6005a6d3f27da8729fff6ca3549ff8a9fe3e,T1562.001,attack_technique,,0,T1562.001,,,0,,
da1067401569e7aac20c7c0be06f6005a6d3f27da8729fff6ca3549ff8a9fe3e,T1571,attack_technique,,0,T1571,,,0,,
da1067401569e7aac20c7c0be06f6005a6d3f27da8729fff6ca3549ff8a9fe3e,T1573,attack_technique,,0,T1573,,,0,,
da1067401569e7aac20c7c0be06f6005a6d3f27da8729fff6ca3549ff8a9fe3e,T1574.002,attack_technique,,0,T1574.002,,,0,,
dadd47ba7339d9c1ac1336a8f991766ea493792cfe4f04d7ea599e259b780932,T1003,attack_technique,,0,T1003,,,0,,
dadd47ba7339d9c1ac1336a8f991766ea493792cfe4f04d7ea599e259b780932,T1005,attack_technique,,0,T1005,,,0,,
dadd47ba7339d9c1ac1336a8f991766ea493792cfe4f04d7ea599e259b780932,T1010,attack_technique,,0,T1010,"Sample monitors Window changes (e.g. starting applications), analyze the sample with the simulation cookbook",1,1,virustotal_behavior,canonical_trace
dadd47ba7339d9c1ac1336a8f991766ea493792cfe4f04d7ea599e259b780932,T1016,attack_technique,,0,T1016,,,0,,
dadd47ba7339d9c1ac1336a8f991766ea493792cfe4f04d7ea599e259b780932,T1018,attack_technique,,0,T1018,,,0,,
dadd47ba7339d9c1ac1336a8f991766ea493792cfe4f04d7ea599e259b780932,T1027,attack_technique,,0,T1027,Binary may include packed or crypted data,1,1,virustotal_behavior,canonical_trace
dadd47ba7339d9c1ac1336a8f991766ea493792cfe4f04d7ea599e259b780932,T1027.002,attack_technique,,0,T1027.002,.NET source code contains potential unpacker,1,1,virustotal_behavior,canonical_trace
dadd47ba7339d9c1ac1336a8f991766ea493792cfe4f04d7ea599e259b780932,T1036,attack_technique,,0,T1036,Creates files inside the user directory,1,1,virustotal_behavior,canonical_trace
dadd47ba7339d9c1ac1336a8f991766ea493792cfe4f04d7ea599e259b780932,T1047,attack_technique,,0,T1047,,,0,,
dadd47ba7339d9c1ac1336a8f991766ea493792cfe4f04d7ea599e259b780932,T1053,attack_technique,,0,T1053,,,0,,
dadd47ba7339d9c1ac1336a8f991766ea493792cfe4f04d7ea599e259b780932,T1055,attack_technique,,0,T1055,Injects a PE file into a foreign processes,1,1,virustotal_behavior,canonical_trace
dadd47ba7339d9c1ac1336a8f991766ea493792cfe4f04d7ea599e259b780932,T1056,attack_technique,,0,T1056,Creates a DirectInput object (often for capturing keystrokes),1,1,virustotal_behavior,canonical_trace
dadd47ba7339d9c1ac1336a8f991766ea493792cfe4f04d7ea599e259b780932,T1057,attack_technique,,0,T1057,Queries a list of all running processes,1,1,virustotal_behavior,canonical_trace
dadd47ba7339d9c1ac1336a8f991766ea493792cfe4f04d7ea599e259b780932,T1070.006,attack_technique,,0,T1070.006,,,0,,
dadd47ba7339d9c1ac1336a8f991766ea493792cfe4f04d7ea599e259b780932,T1071,attack_technique,,0,T1071,,,0,,
dadd47ba7339d9c1ac1336a8f991766ea493792cfe4f04d7ea599e259b780932,T1082,attack_technique,,0,T1082,"Queries the volume information (name, serial number etc) of a device",1,1,virustotal_behavior,canonical_trace
dadd47ba7339d9c1ac1336a8f991766ea493792cfe4f04d7ea599e259b780932,T1083,attack_technique,,0,T1083,,,0,,
dadd47ba7339d9c1ac1336a8f991766ea493792cfe4f04d7ea599e259b780932,T1095,attack_technique,,0,T1095,,,0,,
dadd47ba7339d9c1ac1336a8f991766ea493792cfe4f04d7ea599e259b780932,T1102,attack_technique,,0,T1102,,,0,,
dadd47ba7339d9c1ac1336a8f991766ea493792cfe4f04d7ea599e259b780932,T1105,attack_technique,,0,T1105,,,0,,
dadd47ba7339d9c1ac1336a8f991766ea493792cfe4f04d7ea599e259b780932,T1114,attack_technique,,0,T1114,,,0,,
dadd47ba7339d9c1ac1336a8f991766ea493792cfe4f04d7ea599e259b780932,T1497,attack_technique,,0,T1497,"Queries sensitive Operating System Information (via WMI, Win32_ComputerSystem, often done to detect virtual machines)",1,1,virustotal_behavior,canonical_trace
dadd47ba7339d9c1ac1336a8f991766ea493792cfe4f04d7ea599e259b780932,T1497.001,attack_technique,,0,T1497.001,,,0,,
dadd47ba7339d9c1ac1336a8f991766ea493792cfe4f04d7ea599e259b780932,T1518.001,attack_technique,,0,T1518.001,"Queries sensitive Operating System Information (via WMI, Win32_ComputerSystem, often done to detect virtual machines)",1,1,virustotal_behavior,canonical_trace
dadd47ba7339d9c1ac1336a8f991766ea493792cfe4f04d7ea599e259b780932,T1552.002,attack_technique,,0,T1552.002,,,0,,
dadd47ba7339d9c1ac1336a8f991766ea493792cfe4f04d7ea599e259b780932,T1562.001,attack_technique,,0,T1562.001,"Creates guard pages, often used to prevent reverse engineering and debugging",1,1,virustotal_behavior,canonical_trace
dadd47ba7339d9c1ac1336a8f991766ea493792cfe4f04d7ea599e259b780932,T1571,attack_technique,,0,T1571,,,0,,
dadd47ba7339d9c1ac1336a8f991766ea493792cfe4f04d7ea599e259b780932,T1573,attack_technique,,0,T1573,,,0,,
dadd47ba7339d9c1ac1336a8f991766ea493792cfe4f04d7ea599e259b780932,T1574.002,attack_technique,,0,T1574.002,,,0,,
dc901ec3b85d2cd2e44df5eccbad130519ceefe81e8bda18786968c7b4706363,T1003,attack_technique,,0,T1003,,,0,,
dc901ec3b85d2cd2e44df5eccbad130519ceefe81e8bda18786968c7b4706363,T1005,attack_technique,,0,T1005,,,0,,
dc901ec3b85d2cd2e44df5eccbad130519ceefe81e8bda18786968c7b4706363,T1010,attack_technique,,0,T1010,"Sample monitors Window changes (e.g. starting applications), analyze the sample with the simulation cookbook",1,1,virustotal_behavior,canonical_trace
dc901ec3b85d2cd2e44df5eccbad130519ceefe81e8bda18786968c7b4706363,T1016,attack_technique,,0,T1016,,,0,,
dc901ec3b85d2cd2e44df5eccbad130519ceefe81e8bda18786968c7b4706363,T1018,attack_technique,,0,T1018,,,0,,
dc901ec3b85d2cd2e44df5eccbad130519ceefe81e8bda18786968c7b4706363,T1027,attack_technique,,0,T1027,,,0,,
dc901ec3b85d2cd2e44df5eccbad130519ceefe81e8bda18786968c7b4706363,T1027.002,attack_technique,,0,T1027.002,,,0,,
dc901ec3b85d2cd2e44df5eccbad130519ceefe81e8bda18786968c7b4706363,T1036,attack_technique,,0,T1036,,,0,,
dc901ec3b85d2cd2e44df5eccbad130519ceefe81e8bda18786968c7b4706363,T1047,attack_technique,,0,T1047,,,0,,
dc901ec3b85d2cd2e44df5eccbad130519ceefe81e8bda18786968c7b4706363,T1053,attack_technique,,0,T1053,,,0,,
dc901ec3b85d2cd2e44df5eccbad130519ceefe81e8bda18786968c7b4706363,T1055,attack_technique,,0,T1055,,,0,,
dc901ec3b85d2cd2e44df5eccbad130519ceefe81e8bda18786968c7b4706363,T1056,attack_technique,,0,T1056,,,0,,
dc901ec3b85d2cd2e44df5eccbad130519ceefe81e8bda18786968c7b4706363,T1057,attack_technique,,0,T1057,,,0,,
dc901ec3b85d2cd2e44df5eccbad130519ceefe81e8bda18786968c7b4706363,T1070.006,attack_technique,,0,T1070.006,change timestomp,1,1,virustotal_behavior,canonical_trace
dc901ec3b85d2cd2e44df5eccbad130519ceefe81e8bda18786968c7b4706363,T1071,attack_technique,,0,T1071,,,0,,
dc901ec3b85d2cd2e44df5eccbad130519ceefe81e8bda18786968c7b4706363,T1082,attack_technique,,0,T1082,,,0,,
dc901ec3b85d2cd2e44df5eccbad130519ceefe81e8bda18786968c7b4706363,T1083,attack_technique,,0,T1083,,,0,,
dc901ec3b85d2cd2e44df5eccbad130519ceefe81e8bda18786968c7b4706363,T1095,attack_technique,,0,T1095,,,0,,
dc901ec3b85d2cd2e44df5eccbad130519ceefe81e8bda18786968c7b4706363,T1102,attack_technique,,0,T1102,,,0,,
dc901ec3b85d2cd2e44df5eccbad130519ceefe81e8bda18786968c7b4706363,T1105,attack_technique,,0,T1105,,,0,,
dc901ec3b85d2cd2e44df5eccbad130519ceefe81e8bda18786968c7b4706363,T1114,attack_technique,,0,T1114,,,0,,
dc901ec3b85d2cd2e44df5eccbad130519ceefe81e8bda18786968c7b4706363,T1497,attack_technique,,0,T1497,,,0,,
dc901ec3b85d2cd2e44df5eccbad130519ceefe81e8bda18786968c7b4706363,T1497.001,attack_technique,,0,T1497.001,check in vmware,1,1,virustotal_behavior,canonical_trace
dc901ec3b85d2cd2e44df5eccbad130519ceefe81e8bda18786968c7b4706363,T1518.001,attack_technique,,0,T1518.001,,,0,,
dc901ec3b85d2cd2e44df5eccbad130519ceefe81e8bda18786968c7b4706363,T1552.002,attack_technique,,0,T1552.002,,,0,,
dc901ec3b85d2cd2e44df5eccbad130519ceefe81e8bda18786968c7b4706363,T1562.001,attack_technique,,0,T1562.001,,,0,,
dc901ec3b85d2cd2e44df5eccbad130519ceefe81e8bda18786968c7b4706363,T1571,attack_technique,,0,T1571,,,0,,
dc901ec3b85d2cd2e44df5eccbad130519ceefe81e8bda18786968c7b4706363,T1573,attack_technique,,0,T1573,,,0,,
dc901ec3b85d2cd2e44df5eccbad130519ceefe81e8bda18786968c7b4706363,T1574.002,attack_technique,,0,T1574.002,,,0,,
e800c30e98aa36e7deed619c9d039e03aac32ee94d4da591cd61f94aac2a6117,T1003,attack_technique,,0,T1003,,,0,,
e800c30e98aa36e7deed619c9d039e03aac32ee94d4da591cd61f94aac2a6117,T1005,attack_technique,,0,T1005,,,0,,
e800c30e98aa36e7deed619c9d039e03aac32ee94d4da591cd61f94aac2a6117,T1010,attack_technique,,0,T1010,,,0,,
e800c30e98aa36e7deed619c9d039e03aac32ee94d4da591cd61f94aac2a6117,T1016,attack_technique,,0,T1016,,,0,,
e800c30e98aa36e7deed619c9d039e03aac32ee94d4da591cd61f94aac2a6117,T1018,attack_technique,,0,T1018,,,0,,
e800c30e98aa36e7deed619c9d039e03aac32ee94d4da591cd61f94aac2a6117,T1027,attack_technique,,0,T1027,,,0,,
e800c30e98aa36e7deed619c9d039e03aac32ee94d4da591cd61f94aac2a6117,T1027.002,attack_technique,,0,T1027.002,,,0,,
e800c30e98aa36e7deed619c9d039e03aac32ee94d4da591cd61f94aac2a6117,T1036,attack_technique,,0,T1036,,,0,,
e800c30e98aa36e7deed619c9d039e03aac32ee94d4da591cd61f94aac2a6117,T1047,attack_technique,,0,T1047,,,0,,
e800c30e98aa36e7deed619c9d039e03aac32ee94d4da591cd61f94aac2a6117,T1053,attack_technique,,0,T1053,,,0,,
e800c30e98aa36e7deed619c9d039e03aac32ee94d4da591cd61f94aac2a6117,T1055,attack_technique,,0,T1055,,,0,,
e800c30e98aa36e7deed619c9d039e03aac32ee94d4da591cd61f94aac2a6117,T1056,attack_technique,,0,T1056,,,0,,
e800c30e98aa36e7deed619c9d039e03aac32ee94d4da591cd61f94aac2a6117,T1057,attack_technique,,0,T1057,,,0,,
e800c30e98aa36e7deed619c9d039e03aac32ee94d4da591cd61f94aac2a6117,T1070.006,attack_technique,,0,T1070.006,,,0,,
e800c30e98aa36e7deed619c9d039e03aac32ee94d4da591cd61f94aac2a6117,T1071,attack_technique,,0,T1071,,,0,,
e800c30e98aa36e7deed619c9d039e03aac32ee94d4da591cd61f94aac2a6117,T1082,attack_technique,,0,T1082,,,0,,
e800c30e98aa36e7deed619c9d039e03aac32ee94d4da591cd61f94aac2a6117,T1083,attack_technique,,0,T1083,,,0,,
e800c30e98aa36e7deed619c9d039e03aac32ee94d4da591cd61f94aac2a6117,T1095,attack_technique,,0,T1095,,,0,,
e800c30e98aa36e7deed619c9d039e03aac32ee94d4da591cd61f94aac2a6117,T1102,attack_technique,,0,T1102,,,0,,
e800c30e98aa36e7deed619c9d039e03aac32ee94d4da591cd61f94aac2a6117,T1105,attack_technique,,0,T1105,,,0,,
e800c30e98aa36e7deed619c9d039e03aac32ee94d4da591cd61f94aac2a6117,T1114,attack_technique,,0,T1114,,,0,,
e800c30e98aa36e7deed619c9d039e03aac32ee94d4da591cd61f94aac2a6117,T1497,attack_technique,,0,T1497,,,0,,
e800c30e98aa36e7deed619c9d039e03aac32ee94d4da591cd61f94aac2a6117,T1497.001,attack_technique,,0,T1497.001,,,0,,
e800c30e98aa36e7deed619c9d039e03aac32ee94d4da591cd61f94aac2a6117,T1518.001,attack_technique,,0,T1518.001,,,0,,
e800c30e98aa36e7deed619c9d039e03aac32ee94d4da591cd61f94aac2a6117,T1552.002,attack_technique,,0,T1552.002,,,0,,
e800c30e98aa36e7deed619c9d039e03aac32ee94d4da591cd61f94aac2a6117,T1562.001,attack_technique,,0,T1562.001,,,0,,
e800c30e98aa36e7deed619c9d039e03aac32ee94d4da591cd61f94aac2a6117,T1571,attack_technique,,0,T1571,,,0,,
e800c30e98aa36e7deed619c9d039e03aac32ee94d4da591cd61f94aac2a6117,T1573,attack_technique,,0,T1573,,,0,,
e800c30e98aa36e7deed619c9d039e03aac32ee94d4da591cd61f94aac2a6117,T1574.002,attack_technique,,0,T1574.002,,,0,,
f1396092e14a9989b73ba20ef53bb8e4655ed8f9a0f35818dc69fdad9930ea69,T1003,attack_technique,,0,T1003,,,0,,
f1396092e14a9989b73ba20ef53bb8e4655ed8f9a0f35818dc69fdad9930ea69,T1005,attack_technique,,0,T1005,,,0,,
f1396092e14a9989b73ba20ef53bb8e4655ed8f9a0f35818dc69fdad9930ea69,T1010,attack_technique,,0,T1010,,,0,,
f1396092e14a9989b73ba20ef53bb8e4655ed8f9a0f35818dc69fdad9930ea69,T1016,attack_technique,,0,T1016,,,0,,
f1396092e14a9989b73ba20ef53bb8e4655ed8f9a0f35818dc69fdad9930ea69,T1018,attack_technique,,0,T1018,,,0,,
f1396092e14a9989b73ba20ef53bb8e4655ed8f9a0f35818dc69fdad9930ea69,T1027,attack_technique,,0,T1027,,,0,,
f1396092e14a9989b73ba20ef53bb8e4655ed8f9a0f35818dc69fdad9930ea69,T1027.002,attack_technique,,0,T1027.002,,,0,,
f1396092e14a9989b73ba20ef53bb8e4655ed8f9a0f35818dc69fdad9930ea69,T1036,attack_technique,,0,T1036,,,0,,
f1396092e14a9989b73ba20ef53bb8e4655ed8f9a0f35818dc69fdad9930ea69,T1047,attack_technique,,0,T1047,,,0,,
f1396092e14a9989b73ba20ef53bb8e4655ed8f9a0f35818dc69fdad9930ea69,T1053,attack_technique,,0,T1053,,,0,,
f1396092e14a9989b73ba20ef53bb8e4655ed8f9a0f35818dc69fdad9930ea69,T1055,attack_technique,,0,T1055,,,0,,
f1396092e14a9989b73ba20ef53bb8e4655ed8f9a0f35818dc69fdad9930ea69,T1056,attack_technique,,0,T1056,,,0,,
f1396092e14a9989b73ba20ef53bb8e4655ed8f9a0f35818dc69fdad9930ea69,T1057,attack_technique,,0,T1057,,,0,,
f1396092e14a9989b73ba20ef53bb8e4655ed8f9a0f35818dc69fdad9930ea69,T1070.006,attack_technique,,0,T1070.006,,,0,,
f1396092e14a9989b73ba20ef53bb8e4655ed8f9a0f35818dc69fdad9930ea69,T1071,attack_technique,,0,T1071,,,0,,
f1396092e14a9989b73ba20ef53bb8e4655ed8f9a0f35818dc69fdad9930ea69,T1082,attack_technique,,0,T1082,,,0,,
f1396092e14a9989b73ba20ef53bb8e4655ed8f9a0f35818dc69fdad9930ea69,T1083,attack_technique,,0,T1083,,,0,,
f1396092e14a9989b73ba20ef53bb8e4655ed8f9a0f35818dc69fdad9930ea69,T1095,attack_technique,,0,T1095,,,0,,
f1396092e14a9989b73ba20ef53bb8e4655ed8f9a0f35818dc69fdad9930ea69,T1102,attack_technique,,0,T1102,,,0,,
f1396092e14a9989b73ba20ef53bb8e4655ed8f9a0f35818dc69fdad9930ea69,T1105,attack_technique,,0,T1105,,,0,,
f1396092e14a9989b73ba20ef53bb8e4655ed8f9a0f35818dc69fdad9930ea69,T1114,attack_technique,,0,T1114,,,0,,
f1396092e14a9989b73ba20ef53bb8e4655ed8f9a0f35818dc69fdad9930ea69,T1497,attack_technique,,0,T1497,,,0,,
f1396092e14a9989b73ba20ef53bb8e4655ed8f9a0f35818dc69fdad9930ea69,T1497.001,attack_technique,,0,T1497.001,,,0,,
f1396092e14a9989b73ba20ef53bb8e4655ed8f9a0f35818dc69fdad9930ea69,T1518.001,attack_technique,,0,T1518.001,,,0,,
f1396092e14a9989b73ba20ef53bb8e4655ed8f9a0f35818dc69fdad9930ea69,T1552.002,attack_technique,,0,T1552.002,,,0,,
f1396092e14a9989b73ba20ef53bb8e4655ed8f9a0f35818dc69fdad9930ea69,T1562.001,attack_technique,,0,T1562.001,,,0,,
f1396092e14a9989b73ba20ef53bb8e4655ed8f9a0f35818dc69fdad9930ea69,T1571,attack_technique,,0,T1571,,,0,,
f1396092e14a9989b73ba20ef53bb8e4655ed8f9a0f35818dc69fdad9930ea69,T1573,attack_technique,,0,T1573,,,0,,
f1396092e14a9989b73ba20ef53bb8e4655ed8f9a0f35818dc69fdad9930ea69,T1574.002,attack_technique,,0,T1574.002,,,0,,
ff75e2b5c3b400b7631c043af5de262b52ba349e991ea01e43cd2af2c6e44218,T1003,attack_technique,,0,T1003,,,0,,
ff75e2b5c3b400b7631c043af5de262b52ba349e991ea01e43cd2af2c6e44218,T1005,attack_technique,,0,T1005,,,0,,
ff75e2b5c3b400b7631c043af5de262b52ba349e991ea01e43cd2af2c6e44218,T1010,attack_technique,,0,T1010,,,0,,
ff75e2b5c3b400b7631c043af5de262b52ba349e991ea01e43cd2af2c6e44218,T1016,attack_technique,,0,T1016,,,0,,
ff75e2b5c3b400b7631c043af5de262b52ba349e991ea01e43cd2af2c6e44218,T1018,attack_technique,,0,T1018,,,0,,
ff75e2b5c3b400b7631c043af5de262b52ba349e991ea01e43cd2af2c6e44218,T1027,attack_technique,,0,T1027,,,0,,
ff75e2b5c3b400b7631c043af5de262b52ba349e991ea01e43cd2af2c6e44218,T1027.002,attack_technique,,0,T1027.002,,,0,,
ff75e2b5c3b400b7631c043af5de262b52ba349e991ea01e43cd2af2c6e44218,T1036,attack_technique,,0,T1036,,,0,,
ff75e2b5c3b400b7631c043af5de262b52ba349e991ea01e43cd2af2c6e44218,T1047,attack_technique,,0,T1047,,,0,,
ff75e2b5c3b400b7631c043af5de262b52ba349e991ea01e43cd2af2c6e44218,T1053,attack_technique,,0,T1053,,,0,,
ff75e2b5c3b400b7631c043af5de262b52ba349e991ea01e43cd2af2c6e44218,T1055,attack_technique,,0,T1055,,,0,,
ff75e2b5c3b400b7631c043af5de262b52ba349e991ea01e43cd2af2c6e44218,T1056,attack_technique,,0,T1056,,,0,,
ff75e2b5c3b400b7631c043af5de262b52ba349e991ea01e43cd2af2c6e44218,T1057,attack_technique,,0,T1057,,,0,,
ff75e2b5c3b400b7631c043af5de262b52ba349e991ea01e43cd2af2c6e44218,T1070.006,attack_technique,,0,T1070.006,,,0,,
ff75e2b5c3b400b7631c043af5de262b52ba349e991ea01e43cd2af2c6e44218,T1071,attack_technique,,0,T1071,,,0,,
ff75e2b5c3b400b7631c043af5de262b52ba349e991ea01e43cd2af2c6e44218,T1082,attack_technique,,0,T1082,,,0,,
ff75e2b5c3b400b7631c043af5de262b52ba349e991ea01e43cd2af2c6e44218,T1083,attack_technique,,0,T1083,,,0,,
ff75e2b5c3b400b7631c043af5de262b52ba349e991ea01e43cd2af2c6e44218,T1095,attack_technique,,0,T1095,,,0,,
ff75e2b5c3b400b7631c043af5de262b52ba349e991ea01e43cd2af2c6e44218,T1102,attack_technique,,0,T1102,,,0,,
ff75e2b5c3b400b7631c043af5de262b52ba349e991ea01e43cd2af2c6e44218,T1105,attack_technique,,0,T1105,,,0,,
ff75e2b5c3b400b7631c043af5de262b52ba349e991ea01e43cd2af2c6e44218,T1114,attack_technique,,0,T1114,,,0,,
ff75e2b5c3b400b7631c043af5de262b52ba349e991ea01e43cd2af2c6e44218,T1497,attack_technique,,0,T1497,,,0,,
ff75e2b5c3b400b7631c043af5de262b52ba349e991ea01e43cd2af2c6e44218,T1497.001,attack_technique,,0,T1497.001,,,0,,
ff75e2b5c3b400b7631c043af5de262b52ba349e991ea01e43cd2af2c6e44218,T1518.001,attack_technique,,0,T1518.001,,,0,,
ff75e2b5c3b400b7631c043af5de262b52ba349e991ea01e43cd2af2c6e44218,T1552.002,attack_technique,,0,T1552.002,,,0,,
ff75e2b5c3b400b7631c043af5de262b52ba349e991ea01e43cd2af2c6e44218,T1562.001,attack_technique,,0,T1562.001,,,0,,
ff75e2b5c3b400b7631c043af5de262b52ba349e991ea01e43cd2af2c6e44218,T1571,attack_technique,,0,T1571,,,0,,
ff75e2b5c3b400b7631c043af5de262b52ba349e991ea01e43cd2af2c6e44218,T1573,attack_technique,,0,T1573,,,0,,
ff75e2b5c3b400b7631c043af5de262b52ba349e991ea01e43cd2af2c6e44218,T1574.002,attack_technique,,0,T1574.002,,,0,,
